,Custkey,Recency,Frequency,Monetary,Recency_pt_mm,Frequency_pt_mm,Monetary_pt_mm,Cluster,R,F,M,RFM_score,RFM_class
0,10000453,0.0022675736961451248,10,8422.15,0.0017309863172371154,0.2945860424082739,0.30943458820873415,2,1,2,2,5,family
1,10000455,0.007194244604316547,19,22403.73,0.2758977636733437,0.37612506331196915,0.39632802305207837,1,1,3,3,7,silver
2,10000456,0.009174311926605505,23,104994.68,0.32870525174509296,0.40034768010034083,0.5380494830722631,1,2,3,4,9,gold
3,10000457,0.008928571428571428,3,14284.800000000001,0.3228881719538712,0.14095891508431174,0.3560867256470316,2,2,1,2,5,family
4,10000458,0.058823529411764705,4,4994.49,0.6829059361293079,0.17774785815218136,0.2639140780696303,3,4,1,2,7,silver
5,10000460,0.1,120,96533.04000000001,0.7696985955511401,0.6088707109553725,0.5301947496544157,0,4,5,4,13,diamond
6,10000461,0.011363636363636364,188,281810.64,0.37386479685935575,0.6652545589463787,0.6316292993390364,1,2,5,5,12,platinum
7,10000462,0.004651162790697674,3,1648.46,0.1769978277492158,0.14095891508431174,0.16934898073733096,2,1,1,1,3,family
8,10000466,0.1,44,27663.75,0.7696985955511401,0.48242608957198246,0.41534694610341755,0,4,4,3,11,platinum
9,10000469,0.010526315789473684,85,81443.15,0.35785382966866774,0.5654795705793355,0.5143565455896556,1,2,4,4,10,gold
10,10000471,0.01020408163265306,34,499743.6,0.3513058055249202,0.44983393920003467,0.6870250655123067,1,2,4,5,11,platinum
11,10000472,0.3333333333333333,74,71371.35,0.9463178525890044,0.5480211124013578,0.5021040781765947,0,5,4,4,13,diamond
12,10000473,0.02564102564102564,8,5643.73,0.5348502935920366,0.2661797888452259,0.27450572164219106,3,3,2,2,7,silver
13,10000474,0.024390243902439025,5,2937.96,0.5254272889896768,0.20624865979268214,0.21831066026781346,3,3,2,1,6,family
14,10000475,0.008928571428571428,41,24624.690000000002,0.3228881719538712,0.4735033358021039,0.40483944000057354,1,2,4,3,9,gold
15,10000478,0.010416666666666666,103,70202.79,0.3556513304156278,0.5896574843209118,0.5005747587379491,1,2,5,4,11,platinum
16,10000481,0.011904761904761904,23,16915.059999999998,0.3835206328390614,0.40034768010034083,0.3711446635641892,1,2,3,3,8,silver
17,10000486,0.0022522522522522522,3,1106.29,0.0,0.14095891508431174,0.13597922169802756,2,1,1,1,3,family
18,10000499,0.002288329519450801,1,2006.58,0.004055040853004399,0.0,0.18592392404764446,2,1,1,1,3,family
19,10000601,0.011904761904761904,22,18972.79,0.3835206328390614,0.39471391841866843,0.38141039701396157,1,2,3,3,8,silver
20,10002114,0.04,1,264.68,0.6160699057642254,0.0,0.019087682610671286,3,4,1,1,6,family
21,10002136,0.5,25,40251.68,1.0,0.4109121250815985,0.44942361887224924,0,5,3,3,11,platinum
22,10002137,0.2,7,5393.92,0.8746497341094956,0.24916665658128767,0.27057815159859655,3,5,2,2,9,gold
23,10002139,0.2,1,3162.38,0.8746497341094956,0.0,0.22459980485820075,3,5,1,1,7,silver
24,10002140,0.012195121951219513,1,499.57,0.3885001161302363,0.0,0.07047319017985659,3,3,1,1,5,family
25,10002142,0.2,60,278532.51,0.8746497341094956,0.5215794012095482,0.6305063339666881,0,5,4,5,14,diamond
26,10002144,0.0022522522522522522,1,287.25,0.0,0.0,0.025660270623202086,2,1,1,1,3,family
27,10002149,0.0022675736961451248,1,294.72,0.0017309863172371154,0.0,0.027725131667981573,2,1,1,1,3,family
28,10002150,0.015151515151515152,3,1349.3999999999999,0.43267694706352855,0.14095891508431174,0.15255715853091745,3,3,1,1,5,family
29,10002155,0.0022624434389140274,2,551.5799999999999,0.0011528509403034848,0.08902158843220692,0.07856071506291706,2,1,1,1,3,family
30,10002161,0.5,278,228881.79,1.0,0.7142840784824,0.611713920544536,0,5,5,5,15,diamond
31,10002220,0.011363636363636364,392,283543.42,0.37386479685935575,0.757279440733742,0.6322177542133829,1,2,5,5,12,platinum
32,10002240,0.041666666666666664,3,735.21,0.6232995952710287,0.14095891508431174,0.10214420852241052,3,4,1,1,6,family
33,10002489,0.012048192771084338,32,26403.37,0.3859972714509343,0.44216453565255975,0.4111327700782357,1,3,3,3,9,gold
34,10002501,0.1111111111111111,39,82840.06,0.7862500675698296,0.46718253309705454,0.5159380441523501,0,4,4,4,12,platinum
35,10002506,0.5,714,600418.78,1.0,0.8321329358185114,0.7049460438219206,0,5,5,5,15,diamond
36,10002520,0.0045045045045045045,10,26752.920000000002,0.16951568962956992,0.2945860424082739,0.41232083344640696,2,1,2,3,6,family
37,10002526,0.003105590062111801,7,8422.58,0.08041856310304091,0.24916665658128767,0.3094390658156008,2,1,2,2,5,family
38,10002709,0.029411764705882353,32,39521.75,0.5603980616082019,0.44216453565255975,0.44775311169332294,1,3,3,3,9,gold
39,10002746,0.1,6,4968.58,0.7696985955511401,0.22951288879503925,0.26346403881580976,3,4,2,2,8,silver
40,10002765,0.25,203,179026.75,0.906526372288319,0.6748832414731153,0.5883318873337603,0,5,5,5,15,diamond
41,10002969,0.0022624434389140274,3,4136.69,0.0011528509403034848,0.14095891508431174,0.24764759111811685,2,1,1,2,4,family
42,10003749,0.004807692307692308,35,112507.91,0.1846958907461838,0.4535002609504273,0.5445230951682387,1,1,4,4,9,gold
43,10003795,0.01020408163265306,12,6517.969999999999,0.3513058055249202,0.31777309505070467,0.28703021524871736,3,2,2,2,6,family
44,10003857,0.1,28,58140.119999999995,0.7696985955511401,0.42526409431318807,0.4831554163676931,0,4,3,4,11,platinum
45,10004207,0.0022675736961451248,6,4247.67,0.0017309863172371154,0.22951288879503925,0.24992818145195855,2,1,2,2,5,family
46,10004245,0.004545454545454545,9,111760.13,0.1716321657342625,0.2811773978198188,0.5438979679855143,1,1,2,4,7,silver
47,10004255,0.3333333333333333,89,84806.45,0.9463178525890044,0.5712700047936928,0.5181207950148415,0,5,5,4,14,diamond
48,10004256,0.009900990099009901,31,22872.53,0.34493061252369744,0.43814723227331054,0.39819104744915734,1,2,3,3,8,silver
49,10004302,0.012048192771084338,87,53293.909999999996,0.3859972714509343,0.5684082285169171,0.47514241156326503,1,3,5,4,12,platinum
50,10004516,0.011494252873563218,8,152283.55000000002,0.37624223513362387,0.2661797888452259,0.5730136959560639,1,2,2,5,9,gold
51,10004602,0.16666666666666666,17,10773.71,0.8479288988123537,0.3620132875267223,0.3310992847829282,0,5,3,2,10,gold
52,10005006,0.3333333333333333,194,372989.73,0.9463178525890044,0.6691955911581344,0.6586339412536577,0,5,5,5,15,diamond
53,10005043,0.008695652173913044,34,169690.27000000002,0.31720565503109655,0.44983393920003467,0.5832537878214601,1,2,4,5,11,platinum
54,10005099,0.0022727272727272726,2,6231.49,0.002310268094488477,0.08902158843220692,0.2831163777206452,2,1,1,2,4,family
55,10005236,0.043478260869565216,4,4249.16,0.6307974084369571,0.17774785815218136,0.24995840366587152,3,4,1,2,7,silver
56,10005376,0.0022522522522522522,1,424.53,0.0,0.0,0.05722648771629579,2,1,1,1,3,family
57,10005810,0.004149377593360996,3,63547.56,0.15019941084056315,0.14095891508431174,0.49136178517276263,2,1,1,4,6,family
58,10005861,0.01694915254237288,3,1084.43,0.4550246800418777,0.14095891508431174,0.13431836341888514,3,3,1,1,5,family
59,10005919,0.002288329519450801,2,1276.13,0.004055040853004399,0.08902158843220692,0.14788953750870087,2,1,1,1,3,family
60,10006037,0.009615384615384616,76,108107.12,0.338718753261802,0.5513815588814245,0.5407843326222312,1,2,4,4,10,gold
61,10006093,0.07692307692307693,29,22001.57,0.7275121545254131,0.4297064859034904,0.3946993081846136,0,4,3,3,10,gold
62,10006805,0.011904761904761904,22,15019.7,0.3835206328390614,0.39471391841866843,0.36054953507606585,1,2,3,2,7,silver
63,10006836,0.3333333333333333,195,186743.07,0.9463178525890044,0.6698405020000832,0.5923376850203835,0,5,5,5,15,diamond
64,10006846,0.021739130434782608,6,14377.509999999998,0.5035182940022825,0.22951288879503925,0.35666189554988575,3,3,2,2,7,silver
65,10006862,0.011111111111111112,136,88822.59,0.3691798849271981,0.6246022047808122,0.5224296565973052,1,2,5,4,11,platinum
66,10006916,0.05,4,1818.33,0.6551377619305773,0.17774785815218136,0.17760758298147714,3,4,1,1,6,family
67,10006917,0.03333333333333333,15,11276.61,0.5833209770918464,0.34612418700105313,0.33512820706750235,3,4,3,2,9,gold
68,10006983,0.05,4,2307.87,0.6551377619305773,0.17774785815218136,0.19776976607331928,3,4,1,1,6,family
69,10007117,0.009615384615384616,13,43352.270000000004,0.338718753261802,0.32794626195388693,0.45620544742459207,1,2,2,3,7,silver
70,10007120,0.010638297872340425,17,13193.960000000001,0.3600766766859064,0.3620132875267223,0.34903181173702125,1,2,3,2,7,silver
71,10007121,0.0625,142,132639.79,0.6931191239500518,0.6300262357496387,0.5599882037166426,0,4,5,4,13,diamond
72,10007122,0.008928571428571428,3,1708.53,0.3228881719538712,0.14095891508431174,0.17236042913490537,2,2,1,1,4,family
73,10007123,0.16666666666666666,95,80518.16,0.8479288988123537,0.5794828854929547,0.5132947161094753,0,5,5,4,14,diamond
74,10007134,0.010416666666666666,235,918067.02,0.3556513304156278,0.6932341368507895,0.7467360116702355,1,2,5,5,12,platinum
75,10007183,0.1,47,363929.04,0.7696985955511401,0.49075736033271394,0.6562570343350005,0,4,4,5,13,diamond
76,10007258,0.05,3,1339.32,0.6551377619305773,0.14095891508431174,0.15192987989776685,3,4,1,1,6,family
77,10007309,0.010526315789473684,23,193096.0,0.35785382966866774,0.40034768010034083,0.5955164592615202,1,2,3,5,10,gold
78,10007355,0.007246376811594203,32,33754.36,0.277489510000549,0.44216453565255975,0.4333867615838542,1,1,3,3,7,silver
79,10007457,0.002257336343115124,3,14334.41,0.0005758571089746756,0.14095891508431174,0.3563949553567855,2,1,1,2,4,family
80,10007564,0.03125,26,92646.46,0.5715464047966584,0.4158799270018081,0.5263593374941321,1,4,3,4,11,platinum
81,10007566,0.018518518518518517,12,15260.72,0.47245305883991046,0.31777309505070467,0.36196693625304766,3,3,2,2,7,silver
82,10007577,0.022727272727272728,22,16928.86,0.5120196227559333,0.39471391841866843,0.3712174807790215,1,3,3,3,9,gold
83,10007591,0.16666666666666666,100,190213.94999999998,0.8479288988123537,0.585938199462706,0.5940872125602026,0,5,5,5,15,diamond
84,10007866,0.5,28,111685.31,1.0,0.42526409431318807,0.5438351960452578,0,5,3,4,12,platinum
85,10008134,0.030303030303030304,131,114720.47,0.5658984391884021,0.6198952317402742,0.5463493128888849,1,3,5,4,12,platinum
86,10008381,0.014705882352941176,1,1388.09,0.4266729355828407,0.0,0.15492317842613323,3,3,1,1,5,family
87,10008593,0.1111111111111111,40,110492.33,0.7862500675698296,0.47038263297677774,0.542828745138594,0,4,4,4,12,platinum
88,10008596,0.008928571428571428,13,43103.67,0.3228881719538712,0.32794626195388693,0.4556794061726844,1,2,2,3,7,silver
89,10008602,0.5,27,70012.03,1.0,0.4206593375672106,0.5003227546894158,0,5,3,4,12,platinum
90,10008638,0.015384615384615385,2,22415.14,0.4357387879214764,0.08902158843220692,0.3963738159243991,3,3,1,3,7,silver
91,10008893,0.07692307692307693,23,35100.5,0.7275121545254131,0.40034768010034083,0.4369428977325237,0,4,3,3,10,gold
92,10009156,0.02631578947368421,3,1327.9099999999999,0.539721163217647,0.14095891508431174,0.1512142612222821,3,3,1,1,5,family
93,10009356,0.012048192771084338,162,907673.62,0.3859972714509343,0.6465744190476417,0.7456095735659714,1,3,5,5,13,diamond
94,10009606,0.020833333333333332,244,1958206.43,0.4953339547143159,0.6979436226421084,0.8224273381018146,1,3,5,5,13,diamond
95,10009623,0.003257328990228013,1,824.39,0.09208340049912561,0.0,0.1115885073838711,2,1,1,1,3,family
96,10009631,0.008695652173913044,40,29300.81,0.31720565503109655,0.47038263297677774,0.4205496217544583,1,2,4,3,9,gold
97,10009633,0.030303030303030304,38,18669.82,0.5658984391884021,0.46389890081890217,0.37996910213512225,1,3,4,3,10,gold
98,10009639,0.058823529411764705,53,56956.4,0.6829059361293079,0.5059262387662545,0.48125997553329203,0,4,4,4,12,platinum
99,10009642,0.004464285714285714,2,1444.82,0.16741580578239618,0.08902158843220692,0.15827872275920496,2,1,1,1,3,family
100,10009643,0.5,34,22624.67,1.0,0.44983393920003467,0.3972107297510813,0,5,4,3,12,platinum
101,10009647,0.0037174721189591076,10,5108.27,0.12402940094767201,0.2945860424082739,0.2658638073381835,2,1,2,2,5,family
102,10009650,0.0022935779816513763,6,9150.46,0.004638957417609391,0.22951288879503925,0.31671629953041386,2,1,2,2,5,family
103,10009652,0.5,95,672010.64,1.0,0.5794828854929547,0.7159873962735004,0,5,5,5,15,diamond
104,10009653,0.25,82,258001.79,0.906526372288319,0.5609541322744108,0.6231660112418728,0,5,4,5,14,diamond
105,10009654,0.022727272727272728,11,26159.82,0.5120196227559333,0.30670980390389146,0.4102958904243689,3,3,2,3,8,silver
106,10009656,0.0035335689045936395,6,2403.1,0.1118263689337336,0.22951288879503925,0.20120161999142544,2,1,2,1,4,family
107,10009657,0.01694915254237288,16,18961.03,0.4550246800418777,0.35431835694665165,0.38135487173263927,1,3,3,3,9,gold
108,10009660,0.012658227848101266,1,9304.83,0.39617201507679545,0.0,0.3181869632025491,3,3,1,2,6,family
109,10009662,0.05555555555555555,6,6538.200000000001,0.6732047448919312,0.22951288879503925,0.28730022281537904,3,4,2,2,8,silver
110,10009669,0.011235955056179775,88,62856.51,0.3715108441283499,0.5698472858518047,0.49035181598305616,1,2,5,4,11,platinum
111,10009672,0.08333333333333333,28,48282.01,0.7405311066727202,0.42526409431318807,0.4660712330033971,0,4,3,3,10,gold
112,10009676,0.0022624434389140274,9,647063.34,0.0011528509403034848,0.2811773978198188,0.7122758288231376,1,1,2,5,8,silver
113,10009679,0.010416666666666666,30,17637.41,0.3556513304156278,0.4339975489077865,0.37488057444645023,1,2,3,3,8,silver
114,10009697,0.003246753246753247,1,767.75,0.09129042404467219,0.0,0.10571349798862101,2,1,1,1,3,family
115,10009863,0.0033444816053511705,16,56910.6,0.09850974282545699,0.35431835694665165,0.48118586902323573,1,1,3,4,8,silver
116,10009885,0.0036900369003690036,17,11750.57,0.12225261981507785,0.3620132875267223,0.33876814412488065,2,1,3,2,6,family
117,10009907,0.1111111111111111,68,131049.18,0.7862500675698296,0.5373632561284123,0.5588525496881596,0,4,4,4,12,platinum
118,10009985,0.011494252873563218,238,893484.54,0.37624223513362387,0.6948238077923751,0.7440512994342372,1,2,5,5,12,platinum
119,10010698,0.007246376811594203,7,3183.39,0.277489510000549,0.24916665658128767,0.22516614767405987,2,1,2,1,4,family
120,10010717,0.16666666666666666,8,27190.579999999998,0.8479288988123537,0.2661797888452259,0.41378722536434825,0,5,2,3,10,gold
121,10010855,0.1111111111111111,33,26221.12,0.7862500675698296,0.44605762642005914,0.4105072403887633,0,4,4,3,11,platinum
122,10010882,0.5,2,9427.86,1.0,0.08902158843220692,0.3193421311590571,3,5,1,2,8,silver
123,10010884,0.011363636363636364,199,233821.12,0.37386479685935575,0.6723873353267704,0.6137529916886647,1,2,5,5,12,platinum
124,10010886,0.00980392156862745,63,49669.27,0.34284229032842545,0.5277332723421408,0.468670689434056,1,2,4,4,10,gold
125,10010887,0.011363636363636364,52,33936.86,0.37386479685935575,0.5035218823961366,0.43387689088662607,1,2,4,3,9,gold
126,10010897,0.008695652173913044,12,11482.66,0.31720565503109655,0.31777309505070467,0.3367286084585584,1,2,2,2,6,family
127,10010906,0.0022935779816513763,16,20398.64,0.004638957417609391,0.35431835694665165,0.3879057220866591,2,1,3,3,7,silver
128,10010912,0.010416666666666666,182,156770.15,0.3556513304156278,0.661185064625601,0.5757581456773456,1,2,5,5,12,platinum
129,10010914,0.011235955056179775,171,142546.61000000002,0.3715108441283499,0.6533614018396037,0.566776078665538,1,2,5,4,11,platinum
130,10010923,0.5,44,349418.23,1.0,0.48242608957198246,0.6523275587645501,0,5,4,5,14,diamond
131,10010935,0.029411764705882353,64,366283.55,0.5603980616082019,0.5297192949305867,0.6568801949829621,1,3,4,5,12,platinum
132,10010969,0.00980392156862745,15,13671.49,0.34284229032842545,0.34612418700105313,0.35218759104727726,1,2,3,2,7,silver
133,10010970,0.5,21,16588.72,1.0,0.38881674311320913,0.36940561188504073,0,5,3,3,11,platinum
134,10010974,0.003134796238244514,1,796.23,0.08271298820188694,0.0,0.10871850782669223,2,1,1,1,3,family
135,10011052,0.0022935779816513763,2,895.6899999999999,0.004638957417609391,0.08902158843220692,0.11844866301056373,2,1,1,1,3,family
136,10011089,0.08333333333333333,2,709.01,0.7405311066727202,0.08902158843220692,0.09915666124218198,3,4,1,1,6,family
137,10011093,0.03333333333333333,15,38785.68,0.5833209770918464,0.34612418700105313,0.4460378318049718,3,4,3,3,10,gold
138,10011198,0.014492753623188406,6,3561.35,0.42372857454114116,0.22951288879503925,0.23477642010882732,3,3,2,1,6,family
139,10011345,0.002288329519450801,11,42631.05,0.004055040853004399,0.30670980390389146,0.4546711326108514,2,1,2,3,6,family
140,10011360,0.3333333333333333,12,29858.58,0.9463178525890044,0.31777309505070467,0.4222577404130436,0,5,2,3,10,gold
141,10011398,0.020833333333333332,114,64307.92,0.4953339547143159,0.6024210367003107,0.4924607604548506,1,3,5,4,12,platinum
142,10011499,0.08333333333333333,26,12744.32,0.7405311066727202,0.4158799270018081,0.345956923264626,0,4,3,2,9,gold
143,10011521,0.007936507936507936,4,5614.650000000001,0.2974208166576952,0.17774785815218136,0.2740573274068473,2,2,1,2,5,family
144,10011546,0.5,42,46000.95,1.0,0.47654847745616846,0.4616344774941094,0,5,4,3,12,platinum
145,10011600,0.041666666666666664,5,2377.58,0.6232995952710287,0.20624865979268214,0.2002951206464605,3,4,2,1,7,silver
146,10011623,0.3333333333333333,19,11325.16,0.9463178525890044,0.37612506331196915,0.33550784803340267,0,5,3,2,10,gold
147,10011724,0.004761904761904762,2,734.1,0.18247362984142873,0.08902158843220692,0.10201975618817061,2,1,1,1,3,family
148,10011732,0.004149377593360996,10,11637.189999999999,0.15019941084056315,0.2945860424082739,0.33791059579200167,2,1,2,2,5,family
149,10011734,0.011904761904761904,103,55005.479999999996,0.3835206328390614,0.5896574843209118,0.4780506644429608,1,2,5,4,11,platinum
150,10011821,0.07692307692307693,2,780.9,0.7275121545254131,0.08902158843220692,0.10711425696326354,3,4,1,1,6,family
151,10011842,0.01639344262295082,8,10963.42,0.4484129633497051,0.2661797888452259,0.3326402347618164,3,3,2,2,7,silver
152,10011870,0.0022935779816513763,2,36892.8,0.004638957417609391,0.08902158843220692,0.4414768022263508,2,1,1,3,5,family
153,10011979,0.006944444444444444,84,128167.25,0.2680860023891778,0.5639891720270412,0.5567602868011399,1,1,4,4,9,gold
154,10011981,0.0136986301369863,31,17869.46,0.41231192392269855,0.43814723227331054,0.3760491224763378,1,3,3,3,9,gold
155,10011997,0.008695652173913044,19,10290.64,0.31720565503109655,0.37612506331196915,0.3270528368729005,1,2,3,2,7,silver
156,10012128,0.0625,13,50608.189999999995,0.6931191239500518,0.32794626195388693,0.470390206624214,0,4,2,4,10,gold
157,10012158,0.03333333333333333,3,6862.29,0.5833209770918464,0.14095891508431174,0.2915182823114118,3,4,1,2,7,silver
158,10012161,0.0022675736961451248,3,29210.59,0.0017309863172371154,0.14095891508431174,0.42027035847836375,2,1,1,3,5,family
159,10012226,0.012048192771084338,39,49959.24,0.3859972714509343,0.46718253309705454,0.4692050902789165,1,3,4,4,11,platinum
160,10012234,0.007751937984496124,13,8188.259999999999,0.2922873950832233,0.32794626195388693,0.30696545804500425,2,2,2,2,6,family
161,10012235,0.007692307692307693,42,227912.65,0.2905994207238807,0.47654847745616846,0.6113088100683064,1,2,4,5,11,platinum
162,10012369,0.01818181818181818,1,322.94,0.46885773171938705,0.0,0.0350907834519561,3,3,1,1,5,family
163,10012422,0.01639344262295082,348,300187.03,0.4484129633497051,0.7423910863264704,0.637697932316746,1,3,5,5,13,diamond
164,10012425,0.0035971223021582736,3,22988.44,0.11612279058757208,0.14095891508431174,0.3986459396117847,2,1,1,3,5,family
165,10012600,0.029411764705882353,7,10425.65,0.5603980616082019,0.24916665658128767,0.3282020814279232,3,3,2,2,7,silver
166,10012715,0.012048192771084338,1420,1823351.63,0.3859972714509343,0.9176960217064167,0.8152346534219062,1,3,5,5,13,diamond
167,10012761,0.0035971223021582736,8,8183.22,0.11612279058757208,0.2661797888452259,0.30691149880385,2,1,2,2,5,family
168,10013011,0.008928571428571428,14,23701.41,0.3228881719538712,0.3373616637600171,0.4013958037408066,1,2,3,3,8,silver
169,10013039,0.0625,1,216.2,0.6931191239500518,0.0,0.0028970546065368863,3,4,1,1,6,family
170,10013052,0.3333333333333333,4,925.3,0.9463178525890044,0.17774785815218136,0.1211424185604531,3,5,1,1,7,silver
171,10013061,0.01694915254237288,19,14659.460000000001,0.4550246800418777,0.37612506331196915,0.3583891578993293,1,3,3,2,8,silver
172,10013080,0.0022935779816513763,7,6765.75,0.004638957417609391,0.24916665658128767,0.29028246216896314,2,1,2,2,5,family
173,10013127,0.0136986301369863,3,2744.07,0.41231192392269855,0.14095891508431174,0.21248807187245813,3,3,1,1,5,family
174,10013188,0.08333333333333333,90,76669.69,0.7405311066727202,0.5726767513231898,0.5087454335853597,0,4,5,4,13,diamond
175,10013232,0.07692307692307693,16,16535.35,0.7275121545254131,0.35431835694665165,0.369118038080403,0,4,3,3,10,gold
176,10013238,0.011111111111111112,514,887544.19,0.3691798849271981,0.7911314647916687,0.7433917460607855,1,2,5,5,12,platinum
177,10013252,0.16666666666666666,14,6785.099999999999,0.8479288988123537,0.3373616637600171,0.29053153459534803,0,5,3,2,10,gold
178,10013426,0.3333333333333333,50,50173.5,0.9463178525890044,0.49857056057801835,0.4695980233248013,0,5,4,4,13,diamond
179,10013472,0.00411522633744856,4,3298.42,0.14824429362972108,0.17774785815218136,0.22820375595574852,2,1,1,1,3,family
180,10013509,0.004132231404958678,3,1864.1100000000001,0.14922008776903395,0.14095891508431174,0.17970467998814632,2,1,1,1,3,family
181,10013572,0.002288329519450801,5,3819.02,0.004055040853004399,0.20624865979268214,0.24077403858683288,2,1,2,1,4,family
182,10013574,0.0022522522522522522,1,824.33,0.0,0.0,0.11158249447384433,2,1,1,1,3,family
183,10013670,0.05,11,12700.12,0.6551377619305773,0.30670980390389146,0.3456489742479946,3,4,2,2,8,silver
184,10013870,0.03225806451612903,3,1416.16,0.5773507216224064,0.14095891508431174,0.15659986999389253,3,4,1,1,6,family
185,10013871,0.019230769230769232,10,6397.71,0.47982173125313604,0.2945860424082739,0.28540806657699413,3,3,2,2,7,silver
186,10013899,0.16666666666666666,8,6298.46,0.8479288988123537,0.2661797888452259,0.28404678028675934,3,5,2,2,9,gold
187,10014043,0.007692307692307693,79,89197.63,0.2905994207238807,0.5562591820149525,0.5228222919780638,1,2,4,4,10,gold
188,10014047,0.0034482758620689655,4,1281.74,0.1059214594439753,0.17774785815218136,0.14825603527691295,2,1,1,1,3,family
189,10014059,0.3333333333333333,1,304.62,0.9463178525890044,0.0,0.03038448683763101,3,5,1,1,7,silver
190,10014238,0.038461538461538464,104,298706.59,0.609088582114345,0.5908730958495447,0.637222624770607,0,4,5,5,14,diamond
191,10014264,0.009708737864077669,29,49107.94,0.3407717781109548,0.4297064859034904,0.4676274916477202,1,2,3,3,8,silver
192,10014471,0.5,118,360971.39,1.0,0.6067575404305102,0.6554686526476241,0,5,5,5,15,diamond
193,10014495,0.009900990099009901,4,1733.99,0.34493061252369744,0.17774785815218136,0.17360578606699636,3,2,1,1,4,family
194,10014533,0.002288329519450801,1,463.03,0.004055040853004399,0.0,0.06428458698587047,2,1,1,1,3,family
195,10014540,0.003703703703703704,2,150000.0,0.12313957315293905,0.08902158843220692,0.5715864492161821,2,1,1,4,6,family
196,10014546,0.01694915254237288,348,194283.87,0.4550246800418777,0.7423910863264704,0.5960995002230258,1,3,5,5,13,diamond
197,10014739,0.011235955056179775,40,20805.7,0.3715108441283499,0.47038263297677774,0.3896789431897173,1,2,4,3,9,gold
198,10014779,0.5,52,67272.95,1.0,0.5035218823961366,0.4966285998060327,0,5,4,4,13,diamond
199,10014802,0.00819672131147541,36,37658.15,0.3044340881934842,0.45706280404745103,0.4433478245803256,1,2,4,3,9,gold
200,10014803,0.008403361344537815,17,16605.95,0.3098271127976533,0.3620132875267223,0.36949825991646307,1,2,3,3,8,silver
201,10014804,0.011904761904761904,35,32062.1,0.3835206328390614,0.4535002609504273,0.4287148994292992,1,2,4,3,9,gold
202,10014810,0.3333333333333333,32,129748.38,0.9463178525890044,0.44216453565255975,0.5579137854498086,0,5,3,4,12,platinum
203,10015011,0.3333333333333333,103,300603.08,0.9463178525890044,0.5896574843209118,0.6378310975550495,0,5,5,5,15,diamond
204,10015030,0.5,38,65857.94,1.0,0.46389890081890217,0.49466238416993025,0,5,4,4,13,diamond
205,10015253,0.011904761904761904,16,13678.18,0.3835206328390614,0.35431835694665165,0.3522310350339381,1,2,3,2,7,silver
206,10015267,0.008064516129032258,122,200219.9,0.30090274636968506,0.6109487853802185,0.5989620029587871,1,2,5,5,12,platinum
207,10015275,0.09090909090909091,50,40939.93,0.7545348962856855,0.49857056057801835,0.45097192080952847,0,4,4,3,11,platinum
208,10015325,0.25,65,65977.48,0.906526372288319,0.5316743787646053,0.49483007401711765,0,5,4,4,13,diamond
209,10015495,0.012048192771084338,486,775350.4,0.3859972714509343,0.7841369926129644,0.7300540829651194,1,3,5,5,13,diamond
210,10015789,0.008928571428571428,24,87188.84,0.3228881719538712,0.40574050839049625,0.5207001966261835,1,2,3,4,9,gold
211,10015793,0.04,80,48642.630000000005,0.6160699057642254,0.5578437820158707,0.46675389653805927,0,4,4,3,11,platinum
212,10015824,0.043478260869565216,44,292598.06,0.6307974084369571,0.48242608957198246,0.6352368474132074,0,4,4,5,13,diamond
213,10015886,0.16666666666666666,8,3219.2000000000003,0.8479288988123537,0.2661797888452259,0.22612309648319695,3,5,2,1,8,silver
214,10015956,0.5,23,66033.73,1.0,0.40034768010034083,0.4949088787199302,0,5,3,4,12,platinum
215,10016045,0.012048192771084338,21,9498.59,0.3859972714509343,0.38881674311320913,0.3199996067600988,1,3,3,2,8,silver
216,10016047,0.00847457627118644,13,18987.96,0.3116511969006672,0.32794626195388693,0.3814819732337315,1,2,2,3,7,silver
217,10016113,0.0022935779816513763,2,407.57000000000005,0.004638957417609391,0.08902158843220692,0.05391708229632203,2,1,1,1,3,family
218,10016334,0.01098901098901099,77,69940.64,0.36687144287678747,0.553028605502702,0.5002282726649202,1,2,4,4,10,gold
219,10016542,0.01098901098901099,3,1281.15,0.36687144287678747,0.14095891508431174,0.1482175645647441,3,2,1,1,4,family
220,10016548,0.012048192771084338,227,302113.24,0.3859972714509343,0.6888932148462401,0.6383129506973755,1,3,5,5,13,diamond
221,10016549,0.5,269,202055.25,1.0,0.7101627873604417,0.5998303352645198,0,5,5,5,15,diamond
222,10016564,0.007194244604316547,8,23180.370000000003,0.2758977636733437,0.2661797888452259,0.3993942835008487,2,1,2,3,6,family
223,10016588,0.011494252873563218,691,1180754.47,0.37624223513362387,0.8280510090978979,0.7717165052844754,1,2,5,5,12,platinum
224,10016609,0.0032679738562091504,1,1426.57,0.09287863667894553,0.0,0.15721346635043687,2,1,1,1,3,family
225,10016780,0.004830917874396135,9,45424.41,0.18581402981057416,0.2811773978198188,0.46047915035561277,2,1,2,3,6,family
226,10016784,0.3333333333333333,14,7257.39,0.9463178525890044,0.3373616637600171,0.29640549801511185,0,5,3,2,10,gold
227,10016807,0.009708737864077669,65,59218.78,0.3407717781109548,0.5316743787646053,0.48485016957407845,1,2,4,4,10,gold
228,10016858,0.012048192771084338,72,281326.86,0.3859972714509343,0.5445681400618142,0.6314643773259923,1,3,4,5,12,platinum
229,10017036,0.015151515151515152,74,217477.42,0.43267694706352855,0.5480211124013578,0.6068372131439587,1,3,4,5,12,platinum
230,10017072,0.1111111111111111,32,29861.45,0.7862500675698296,0.44216453565255975,0.42226644887460707,0,4,3,3,10,gold
231,10017290,0.5,13,51331.420000000006,1.0,0.32794626195388693,0.47169365299076543,0,5,2,4,11,platinum
232,10017307,0.004672897196261682,2,1192.78,0.17808402286807157,0.08902158843220692,0.14225121448270972,2,1,1,1,3,family
233,10017314,0.0625,7,6364.53,0.6931191239500518,0.24916665658128767,0.28495528205556875,3,4,2,2,8,silver
234,10017553,0.02631578947368421,24,57546.93,0.539721163217647,0.40574050839049625,0.48221031451368007,1,3,3,4,10,gold
235,10017576,0.08333333333333333,115,116900.19,0.7405311066727202,0.6035193310885615,0.5481151737450752,0,4,5,4,13,diamond
236,10017585,0.002288329519450801,7,2299.76,0.004055040853004399,0.24916665658128767,0.1974711560615052,2,1,2,1,4,family
237,10017638,0.5,782,874658.3099999999,1.0,0.8434705793699566,0.7419461255717775,0,5,5,5,15,diamond
238,10017828,0.012048192771084338,180,2179662.75,0.3859972714509343,0.6597985515837331,0.8332525075842312,1,3,5,5,13,diamond
239,10017852,0.015384615384615385,10,17991.93,0.4357387879214764,0.2945860424082739,0.3766599050567399,3,3,2,3,8,silver
240,10018129,0.07692307692307693,8,4940.19,0.7275121545254131,0.2661797888452259,0.2629682908255515,3,4,2,2,8,silver
241,10018146,0.008620689655172414,3,16442.52,0.31534024742786293,0.14095891508431174,0.368615680579495,2,2,1,3,6,family
242,10018352,0.08333333333333333,14,10373.15,0.7405311066727202,0.3373616637600171,0.32775691859168776,3,4,3,2,9,gold
243,10018363,0.25,165,314392.51,0.906526372288319,0.6488779580069984,0.6421460243322669,0,5,5,5,15,diamond
244,10018371,0.009708737864077669,60,401160.27,0.3407717781109548,0.5215794012095482,0.6656801348779731,1,2,4,5,11,platinum
245,10018518,0.0022675736961451248,2,1588.92,0.0017309863172371154,0.08902158843220692,0.16625669065393653,2,1,1,1,3,family
246,10018580,0.004132231404958678,8,7872.57,0.14922008776903395,0.2661797888452259,0.3035215157703485,2,1,2,2,5,family
247,10018603,0.008695652173913044,81,150358.38,0.31720565503109655,0.5594086032570499,0.5718118357380572,1,2,4,4,10,gold
248,10018623,0.014925373134328358,1,857.91,0.42965536918329567,0.0,0.1148827944554105,3,3,1,1,5,family
249,10018628,0.015151515151515152,49,57216.299999999996,0.43267694706352855,0.4960197565191935,0.48167940932720155,1,3,4,4,11,platinum
250,10018644,0.01098901098901099,104,89257.79000000001,0.36687144287678747,0.5908730958495447,0.5228851247085782,1,2,5,4,11,platinum
251,10018665,0.0625,184,196192.65,0.6931191239500518,0.6625563519711837,0.5970291494519842,0,4,5,5,14,diamond
252,10018867,0.010309278350515464,7,3913.49,0.3534687835925702,0.24916665658128767,0.24287461357908774,3,2,2,2,6,family
253,10018868,0.07692307692307693,31,83269.54,0.7275121545254131,0.43814723227331054,0.5164190564000881,0,4,3,4,11,platinum
254,10018871,0.043478260869565216,143,889405.04,0.6307974084369571,0.6309077978956666,0.7435988165321152,0,4,5,5,14,diamond
255,10018877,0.003215434083601286,2,1785.53,0.08892491640155553,0.08902158843220692,0.17607320130400328,2,1,1,1,3,family
256,10018885,0.3333333333333333,13,57841.21000000001,0.9463178525890044,0.32794626195388693,0.48268035737396753,0,5,2,4,11,platinum
257,10019066,0.3333333333333333,541,469865.6,0.9463178525890044,0.7975225988107173,0.6810243651405276,0,5,5,5,15,diamond
258,10019105,0.002288329519450801,1,705.08,0.004055040853004399,0.0,0.09869927606712314,2,1,1,1,3,family
259,10019109,0.01098901098901099,5,4372.65,0.36687144287678747,0.20624865979268214,0.2524279771455169,3,2,2,2,6,family
260,10019150,0.25,86,50138.65,0.906526372288319,0.5669524540942619,0.46953422310509185,0,5,4,4,13,diamond
261,10019194,0.0022935779816513763,140,181413.96,0.004638957417609391,0.6282442416916232,0.5895888535975514,1,1,5,5,11,platinum
262,10019388,0.16666666666666666,12,5145.32,0.8479288988123537,0.31777309505070467,0.26648957105968046,3,5,2,2,9,gold
263,10019400,0.25,1,787.31,0.906526372288319,0.0,0.10778874964557533,3,5,1,1,7,silver
264,10019410,0.1111111111111111,59,188481.34,0.7862500675698296,0.519459197155607,0.5932177989461642,0,4,4,5,13,diamond
265,10019420,0.16666666666666666,7,11176.08,0.8479288988123537,0.24916665658128767,0.3343370152044716,3,5,2,2,9,gold
266,10019469,0.012658227848101266,1,291.73,0.39617201507679545,0.0,0.026904822875394807,3,3,1,1,5,family
267,10019617,0.05,6,8324.8,0.6551377619305773,0.22951288879503925,0.3084151017475468,3,4,2,2,8,silver
268,10019664,0.004081632653061225,6,2332.7,0.1463031838252698,0.22951288879503925,0.19867769035152577,2,1,2,1,4,family
269,10019665,0.012048192771084338,49,28604.66,0.3859972714509343,0.4960197565191935,0.41837272295190614,1,3,4,3,10,gold
270,10019678,0.3333333333333333,13,13257.74,0.9463178525890044,0.32794626195388693,0.34945968430933144,0,5,2,2,9,gold
271,10019682,0.0625,12,28137.870000000003,0.6931191239500518,0.31777309505070467,0.41688394297193593,0,4,2,3,9,gold
272,10019812,0.002288329519450801,1,221.04,0.004055040853004399,0.0,0.004664704713153833,2,1,1,1,3,family
273,10019880,0.004608294930875576,2,723.84,0.1748386131127918,0.08902158843220692,0.10086065527358368,2,1,1,1,3,family
274,10019897,0.010309278350515464,64,40271.03,0.3534687835925702,0.5297192949305867,0.4494675003019432,1,2,4,3,9,gold
275,10019900,0.09090909090909091,33,60242.7,0.7545348962856855,0.44605762642005914,0.48643131888535845,0,4,4,4,12,platinum
276,10019909,0.05,27,17702.72,0.6551377619305773,0.4206593375672106,0.3752109674739629,0,4,3,3,10,gold
277,10019913,0.022222222222222223,6,5278.719999999999,0.5077276948274572,0.22951288879503925,0.26870686378400227,3,3,2,2,7,silver
278,10019942,0.25,204,304222.37,0.906526372288319,0.6754994966932832,0.6389820069715529,0,5,5,5,15,diamond
279,10020080,0.0022727272727272726,1,354.88,0.002310268094488477,0.0,0.042705977666513906,2,1,1,1,3,family
280,10020181,0.008928571428571428,442,1162716.1199999999,0.3228881719538712,0.7722828283242535,0.7701835885905257,1,2,5,5,12,platinum
281,10020184,0.012048192771084338,212,2629591.08,0.3859972714509343,0.6803229623522291,0.8522848648502745,1,3,5,5,13,diamond
282,10020192,0.058823529411764705,455,421493.14999999997,0.6829059361293079,0.7759043443456448,0.670472456510265,0,4,5,5,14,diamond
283,10020193,0.2,9,47498.14,0.8746497341094956,0.2811773978198188,0.464570047602309,0,5,2,3,10,gold
284,10020227,0.012195121951219513,1,346.16,0.3885001161302363,0.0,0.04069539236985148,3,3,1,1,5,family
285,10020256,0.043478260869565216,4,1060.2,0.6307974084369571,0.17774785815218136,0.1324388877309492,3,4,1,1,6,family
286,10020266,0.002288329519450801,4,3434.72,0.004055040853004399,0.17774785815218136,0.23167218903582382,2,1,1,1,3,family
287,10020281,0.043478260869565216,5,3455.49,0.6307974084369571,0.20624865979268214,0.23218891578577683,3,4,2,1,7,silver
288,10020306,0.25,1,228.02,0.906526372288319,0.0,0.007148617995035522,3,5,1,1,7,silver
289,10020364,0.05263157894736842,5,12315.31,0.6639634759589181,0.20624865979268214,0.34292294567461384,3,4,2,2,8,silver
290,10020388,0.03225806451612903,4,1626.37,0.5773507216224064,0.17774785815218136,0.16821459763426702,3,4,1,1,6,family
291,10020390,0.2,4,8299.23,0.8746497341094956,0.17774785815218136,0.30814539676137453,3,5,1,2,8,silver
292,10020413,0.0035714285714285713,2,2616.31,0.1143961842636913,0.08902158843220692,0.20842803966155807,2,1,1,1,3,family
293,10020445,0.16666666666666666,32,21562.95,0.8479288988123537,0.44216453565255975,0.39288952873941385,0,5,3,3,11,platinum
294,10020446,0.011904761904761904,11,20953.26,0.3835206328390614,0.30670980390389146,0.3903134026902699,1,2,2,3,7,silver
295,10020448,0.003875968992248062,4,3086.3,0.13401311424523865,0.17774785815218136,0.22251787175107743,2,1,1,1,3,family
296,10020449,0.05,60,145416.83000000002,0.6551377619305773,0.5215794012095482,0.5686568873928469,0,4,4,4,12,platinum
297,10020491,0.022727272727272728,11,4551.26,0.5120196227559333,0.30670980390389146,0.25588220615641166,3,3,2,2,7,silver
298,10020492,0.07692307692307693,19,18711.01,0.7275121545254131,0.37612506331196915,0.38016638482905757,0,4,3,3,10,gold
299,10020515,0.002288329519450801,2,651.16,0.004055040853004399,0.08902158843220692,0.09215995806651511,2,1,1,1,3,family
300,10020639,0.16666666666666666,77,66884.14,0.8479288988123537,0.553028605502702,0.49609237674831463,0,5,4,4,13,diamond
301,10020662,0.0625,37,120477.69,0.6931191239500518,0.46052726934559546,0.5509450407399774,0,4,4,4,12,platinum
302,10020663,0.3333333333333333,187,239265.71,0.9463178525890044,0.6645854537597018,0.6159525799110865,0,5,5,5,15,diamond
303,10020672,0.008695652173913044,169,211599.5,0.31720565503109655,0.6518847274456782,0.6042255177266946,1,2,5,5,12,platinum
304,10020684,0.002257336343115124,1,8336.11,0.0005758571089746756,0.0,0.30853413901181603,2,1,1,2,4,family
305,10020715,0.03225806451612903,2,4749.65,0.5773507216224064,0.08902158843220692,0.25956743678136424,3,4,1,2,7,silver
306,10020849,0.05,16,33985.29,0.6551377619305773,0.35431835694665165,0.43400652529445455,0,4,3,3,10,gold
307,10020868,0.017241379310344827,1,289.72,0.4584042823090088,0.0,0.026348760836821417,3,3,1,1,5,family
308,10020907,0.009615384615384616,64,140081.18,0.338718753261802,0.5297192949305867,0.5651308265758,1,2,4,4,10,gold
309,10020909,0.25,12,12070.18,0.906526372288319,0.31777309505070467,0.34114280951919956,0,5,2,2,9,gold
310,10020914,0.012048192771084338,259,210848.63999999998,0.3859972714509343,0.7054178484690414,0.6038868140081493,1,3,5,5,13,diamond
311,10020915,0.038461538461538464,25,37463.6,0.609088582114345,0.4109121250815985,0.442875751677073,0,4,3,3,10,gold
312,10020927,0.03225806451612903,150,569904.61,0.5773507216224064,0.6369105723386711,0.699844437632968,1,4,5,5,14,diamond
313,10020931,0.011494252873563218,16,12287.78,0.37624223513362387,0.35431835694665165,0.34272475183943374,1,2,3,2,7,silver
314,10020962,0.05,45,195493.84,0.6551377619305773,0.4852649727062757,0.5966898287490002,0,4,4,5,13,diamond
315,10021107,0.07692307692307693,3,791.48,0.7275121545254131,0.14095891508431174,0.10822467173406669,3,4,1,1,6,family
316,10021111,0.0196078431372549,1,271.11,0.48359937406833314,0.0,0.021014145962905628,3,3,1,1,5,family
317,10021139,0.1111111111111111,43,53463.07,0.7862500675698296,0.47952162258476694,0.47543386571170376,0,4,4,4,12,platinum
318,10021145,0.02631578947368421,7,10130.52,0.539721163217647,0.24916665658128767,0.3256706523247812,3,3,2,2,7,silver
319,10021158,0.002288329519450801,7,5584.83,0.004055040853004399,0.24916665658128767,0.2735951669695378,2,1,2,2,5,family
320,10021160,0.010526315789473684,367,1090389.31,0.35785382966866774,0.7490397071021178,0.7637951450561193,1,2,5,5,12,platinum
321,10021175,0.010309278350515464,40,42306.65,0.3534687835925702,0.47038263297677774,0.4539727445061189,1,2,4,3,9,gold
322,10021179,0.25,19,12553.39,0.906526372288319,0.37612506331196915,0.34461914135641336,0,5,3,2,10,gold
323,10021184,0.05,4,2673.04,0.6551377619305773,0.17774785815218136,0.21025415635695352,3,4,1,1,6,family
324,10021203,0.25,94,87016.07,0.906526372288319,0.5781509185957847,0.5205154627157933,0,5,5,4,14,diamond
325,10021204,0.011904761904761904,35,109155.27,0.3835206328390614,0.4535002609504273,0.5416880819532401,1,2,4,4,10,gold
326,10021222,0.2,58,603007.42,0.8746497341094956,0.5173025733051064,0.7053671397065242,0,5,4,5,14,diamond
327,10021223,0.016666666666666666,1,945.7,0.4516947537631159,0.0,0.12294986775103595,3,3,1,1,5,family
328,10021231,0.011235955056179775,5,9865.55,0.3715108441283499,0.20624865979268214,0.3233359376084893,3,2,2,2,6,family
329,10021270,0.16666666666666666,10,9650.49,0.8479288988123537,0.2945860424082739,0.32139562937832,0,5,2,2,9,gold
330,10021297,0.16666666666666666,49,110788.72,0.8479288988123537,0.4960197565191935,0.5430797777653125,0,5,4,4,13,diamond
331,10021300,0.0022624434389140274,1,98452.17,0.0011528509403034848,0.0,0.5320334611950209,2,1,1,4,6,family
332,10021305,0.022222222222222223,7,3852.89,0.5077276948274572,0.24916665658128767,0.24153291403746016,3,3,2,1,6,family
333,10021331,0.016666666666666666,21,42064.24,0.4516947537631159,0.38881674311320913,0.4534474550184057,1,3,3,3,9,gold
334,10021380,0.03333333333333333,1,242.08,0.5833209770918464,0.0,0.011934730383998615,3,4,1,1,6,family
335,10021411,0.3333333333333333,12,10097.18,0.9463178525890044,0.31777309505070467,0.32538017954578874,0,5,2,2,9,gold
336,10021412,0.03333333333333333,28,140630.48,0.5833209770918464,0.42526409431318807,0.5654998192383512,1,4,3,4,11,platinum
337,10021415,0.002288329519450801,2,967.63,0.004055040853004399,0.08902158843220692,0.12485099033205116,2,1,1,1,3,family
338,10021418,0.022727272727272728,7,7905.280000000001,0.5120196227559333,0.24916665658128767,0.30388454698490114,3,3,2,2,7,silver
339,10021422,0.005,3,4152.73,0.1937758689195334,0.14095891508431174,0.24798086525207844,2,1,1,2,4,family
340,10021459,0.25,17,122325.95,0.906526372288319,0.3620132875267223,0.5523751308295813,0,5,3,4,12,platinum
341,10021470,0.015151515151515152,186,96122.88,0.43267694706352855,0.6639127436149814,0.529797160326981,1,3,5,4,12,platinum
342,10021472,0.00398406374501992,13,15032.349999999999,0.14056178862565416,0.32794626195388693,0.3606244769694055,2,1,2,2,5,family
343,10021485,0.011235955056179775,244,10949474.37,0.3715108441283499,0.6979436226421084,1.0,1,2,5,5,12,platinum
344,10021494,0.3333333333333333,17,10785.15,0.9463178525890044,0.3620132875267223,0.33119295428149254,0,5,3,2,10,gold
345,10021668,0.25,31,64435.45,0.906526372288319,0.43814723227331054,0.49264384345281,0,5,3,4,12,platinum
346,10021736,0.058823529411764705,166,389448.72,0.6829059361293079,0.6496364618944114,0.6628112161485245,0,4,5,5,14,diamond
347,10021804,0.1111111111111111,50,308136.79,0.7862500675698296,0.49857056057801835,0.6402118452539372,0,4,4,5,13,diamond
348,10021911,0.16666666666666666,507,431052.75,0.8479288988123537,0.7894194068964806,0.6726482469051276,0,5,5,5,15,diamond
349,10021936,0.05263157894736842,60,29584.5,0.6639634759589181,0.5215794012095482,0.4214223170110313,0,4,4,3,11,platinum
350,10021977,0.011363636363636364,421,476478.72,0.37386479685935575,0.7662002994172199,0.6823839540558213,1,2,5,5,12,platinum
351,10021986,0.01098901098901099,235,173432.79,0.36687144287678747,0.6932341368507895,0.5853212686259315,1,2,5,5,12,platinum
352,10021996,0.011904761904761904,25,18450.45,0.3835206328390614,0.4109121250815985,0.3789112162979321,1,2,3,3,8,silver
353,10022166,0.041666666666666664,13,14319.39,0.6232995952710287,0.32794626195388693,0.35630174509405443,3,4,2,2,8,silver
354,10022168,0.012048192771084338,78,52426.1,0.3859972714509343,0.5546542980933791,0.4736329005170525,1,3,4,4,11,platinum
355,10022183,0.0022675736961451248,1,208.49,0.0017309863172371154,0.0,0.0,2,1,1,1,3,family
356,10022201,0.008928571428571428,25,52391.479999999996,0.3228881719538712,0.4109121250815985,0.473572177037937,1,2,3,4,9,gold
357,10022240,0.010526315789473684,97,85238.04,0.35785382966866774,0.5821050682367003,0.5185932693588912,1,2,5,4,11,platinum
358,10022249,0.011904761904761904,6,8765.98,0.3835206328390614,0.22951288879503925,0.3129456450202513,3,2,2,2,6,family
359,10022252,0.0022727272727272726,1,253.43,0.002310268094488477,0.0,0.01560474494145797,2,1,1,1,3,family
360,10022423,0.009708737864077669,10,11290.869999999999,0.3407717781109548,0.2945860424082739,0.33523987930004817,3,2,2,2,6,family
361,10022431,0.008547008547008548,21,9572.09,0.31348883581722514,0.38881674311320913,0.3206777965272878,1,2,3,2,7,silver
362,10022444,0.0022727272727272726,5,63708.14,0.002310268094488477,0.20624865979268214,0.4915949403107391,2,1,2,4,7,silver
363,10022450,0.012048192771084338,271,186724.02,0.3859972714509343,0.7110904790899184,0.5923279955518616,1,3,5,5,13,diamond
364,10022456,0.01020408163265306,75,49487.41,0.3513058055249202,0.5497125911614997,0.4683339769860205,1,2,4,3,9,gold
365,10022470,0.004219409282700422,10,35736.98,0.15415254712410065,0.2945860424082739,0.4385782809367106,2,1,2,3,6,family
366,10022490,0.011235955056179775,186,135214.57,0.3715108441283499,0.6639127436149814,0.5617987039610366,1,2,5,4,11,platinum
367,10022678,0.007751937984496124,21,12923.1,0.2922873950832233,0.38881674311320913,0.3471919886977498,1,2,3,2,7,silver
368,10022687,0.3333333333333333,435,578847.28,0.9463178525890044,0.7702881927716694,0.7013665901147103,0,5,5,5,15,diamond
369,10022725,0.010309278350515464,79,52728.07,0.3534687835925702,0.5562591820149525,0.47416090542255274,1,2,4,4,10,gold
370,10022730,0.00980392156862745,52,41044.259999999995,0.34284229032842545,0.5035218823961366,0.4512044076773228,1,2,4,3,9,gold
371,10022732,0.007194244604316547,31,96556.51999999999,0.2758977636733437,0.43814723227331054,0.5302174601995197,1,1,3,4,8,silver
372,10022746,0.010638297872340425,60,69593.93,0.3600766766859064,0.5215794012095482,0.49976807443063853,1,2,4,4,10,gold
373,10022750,0.05263157894736842,64,42912.729999999996,0.6639634759589181,0.5297192949305867,0.4552733634140711,0,4,4,3,11,platinum
374,10022755,0.008547008547008548,76,198011.88,0.31348883581722514,0.5513815588814245,0.5979070189170221,1,2,4,5,11,platinum
375,10022764,0.25,11,22568.43,0.906526372288319,0.30670980390389146,0.39698683731805917,0,5,2,3,10,gold
376,10022962,0.00392156862745098,25,38194.1,0.1368004440918995,0.4109121250815985,0.4446361140610174,1,1,3,3,7,silver
377,10022978,0.1111111111111111,18,12017.74,0.7862500675698296,0.3692662131068212,0.340757418966973,0,4,3,2,9,gold
378,10023003,0.012048192771084338,203,181708.2,0.3859972714509343,0.6748832414731153,0.5897426664306447,1,3,5,5,13,diamond
379,10023022,0.04,5,3966.79,0.6160699057642254,0.20624865979268214,0.2440380626406323,3,4,2,2,8,silver
380,10023023,0.004830917874396135,17,831080.14,0.18581402981057416,0.3620132875267223,0.7368986730820184,1,1,3,5,9,gold
381,10023221,0.011494252873563218,374,385550.21,0.37624223513362387,0.7514023576448319,0.6618375426026727,1,2,5,5,12,platinum
382,10023235,0.0043859649122807015,7,5667.08,0.1632647158930181,0.24916665658128767,0.2748641367146645,2,1,2,2,5,family
383,10023241,0.05263157894736842,85,123428.32,0.6639634759589181,0.5654795705793355,0.5532180996372871,0,4,4,4,12,platinum
384,10023244,0.0022675736961451248,3,1074.75,0.0017309863172371154,0.14095891508431174,0.13357245975609744,2,1,1,1,3,family
385,10023275,0.05555555555555555,139,350353.96,0.6732047448919312,0.6273436291981775,0.6525857050107151,0,4,5,5,14,diamond
386,10023447,0.012048192771084338,245,282662.28,0.3859972714509343,0.6984560870943969,0.6319189568388995,1,3,5,5,13,diamond
387,10023471,0.007518796992481203,16,16081.91,0.28560268873024774,0.35431835694665165,0.3666376337652923,1,1,3,3,7,silver
388,10023489,0.3333333333333333,132,132617.22,0.9463178525890044,0.6208509053947271,0.5599721823279924,0,5,5,4,14,diamond
389,10023495,0.004081632653061225,27,132873.3,0.1463031838252698,0.4206593375672106,0.560153805839291,1,1,3,4,8,silver
390,10023511,0.004545454545454545,2,575.42,0.1716321657342625,0.08902158843220692,0.08202230179465736,2,1,1,1,3,family
391,10023513,0.007936507936507936,11,10382.65,0.2974208166576952,0.30670980390389146,0.3278376342935799,2,2,2,2,6,family
392,10023516,0.008928571428571428,15,25565.01,0.3228881719538712,0.34612418700105313,0.40821967889731375,1,2,3,3,8,silver
393,10023524,0.011904761904761904,384,395287.05,0.3835206328390614,0.7547016104474664,0.6642517539708268,1,2,5,5,12,platinum
394,10023538,0.16666666666666666,232,660831.5700000001,0.8479288988123537,0.6916239427683084,0.7143411080218746,0,5,5,5,15,diamond
395,10023703,0.012195121951219513,8,48710.26,0.3885001161302363,0.2661797888452259,0.4668813727117588,1,3,2,3,8,silver
396,10023715,0.015151515151515152,188,1468530.66,0.43267694706352855,0.6652545589463787,0.7934996464450299,1,3,5,5,13,diamond
397,10023757,0.012658227848101266,8,13350.98,0.39617201507679545,0.2661797888452259,0.35008159613875023,3,3,2,2,7,silver
398,10023759,0.05,12,43242.259999999995,0.6551377619305773,0.31777309505070467,0.45597302812572676,0,4,2,3,9,gold
399,10023760,0.0625,9,4132.91,0.6931191239500518,0.2811773978198188,0.24756886815139587,3,4,2,2,8,silver
400,10023778,0.011363636363636364,115,98296.01,0.37386479685935575,0.6035193310885615,0.5318851557483298,1,2,5,4,11,platinum
401,10023780,0.016666666666666666,4,1296.17,0.4516947537631159,0.17774785815218136,0.14919160550169203,3,3,1,1,5,family
402,10023783,0.010416666666666666,26,15921.32,0.3556513304156278,0.4158799270018081,0.3657428067033982,1,2,3,3,8,silver
403,10023785,0.0022727272727272726,1,227.13,0.002310268094488477,0.0,0.0068360545353283175,2,1,1,1,3,family
404,10023793,0.008547008547008548,15,20784.04,0.31348883581722514,0.34612418700105313,0.38958544351076924,1,2,3,3,8,silver
405,10023964,0.16666666666666666,34,62502.61000000001,0.8479288988123537,0.44983393920003467,0.48983039493456537,0,5,4,4,13,diamond
406,10024003,0.004545454545454545,5,2685.93,0.1716321657342625,0.20624865979268214,0.2106638134725168,2,1,2,1,4,family
407,10024006,0.012048192771084338,309,406673.54,0.3859972714509343,0.7275190325175396,0.6670025552922301,1,3,5,5,13,diamond
408,10024009,0.009259259259259259,5,2320.64,0.3306753793076777,0.20624865979268214,0.19823789118017773,2,2,2,1,5,family
409,10024010,0.09090909090909091,44,42103.51,0.7545348962856855,0.48242608957198246,0.45353275087692924,0,4,4,3,11,platinum
410,10024016,0.012345679012345678,65,539083.11,0.3910297688857204,0.5316743787646053,0.6944138122975885,1,3,4,5,12,platinum
411,10024022,0.25,70,356076.83,0.906526372288319,0.5410174152850227,0.6541500440377928,0,5,4,5,14,diamond
412,10024034,0.05263157894736842,104,107723.91,0.6639634759589181,0.5908730958495447,0.5404517838003822,0,4,5,4,13,diamond
413,10024246,0.07692307692307693,10,29882.4,0.7275121545254131,0.2945860424082739,0.42232999291896633,0,4,2,3,9,gold
414,10024248,0.011904761904761904,456,331225.07,0.3835206328390614,0.7761786017923424,0.6471699292113972,1,2,5,5,12,platinum
415,10024255,0.018518518518518517,2,3267.24,0.47245305883991046,0.08902158843220692,0.22739070543530393,3,3,1,1,5,family
416,10024260,0.011904761904761904,178,158941.93,0.3835206328390614,0.6583964717713868,0.5770592492176128,1,2,5,5,12,platinum
417,10024262,0.01020408163265306,22,13419.08,0.3513058055249202,0.39471391841866843,0.3505331556802745,1,2,3,2,7,silver
418,10024270,0.25,143,307872.65,0.906526372288319,0.6309077978956666,0.6401293375810628,0,5,5,5,15,diamond
419,10024477,0.2,8,33771.04,0.8746497341094956,0.2661797888452259,0.43343166512795633,0,5,2,3,10,gold
420,10024499,0.030303030303030304,6,1559.17,0.5658984391884021,0.22951288879503925,0.16466902951813556,3,3,2,1,6,family
421,10024524,0.022222222222222223,3,3379.58,0.5077276948274572,0.14095891508431174,0.23028547625393184,3,3,1,1,5,family
422,10024550,0.010638297872340425,97,139393.02,0.3600766766859064,0.5821050682367003,0.564666560184781,1,2,5,4,11,platinum
423,10024704,0.043478260869565216,5,2371.63,0.6307974084369571,0.20624865979268214,0.2000824073855856,3,4,2,1,7,silver
424,10024725,0.058823529411764705,25,26793.14,0.6829059361293079,0.4109121250815985,0.4124565632359584,0,4,3,3,10,gold
425,10024743,0.012195121951219513,2,2090.9700000000003,0.3885001161302363,0.08902158843220692,0.18940790577847627,3,3,1,1,5,family
426,10024915,0.25,11,15290.76,0.906526372288319,0.30670980390389146,0.36214206608930455,0,5,2,2,9,gold
427,10024924,0.0022675736961451248,1,216.33,0.0017309863172371154,0.0,0.0029450345698428526,2,1,1,1,3,family
428,10024999,0.00847457627118644,3,9210.81,0.3116511969006672,0.14095891508431174,0.3172941036053085,2,2,1,2,5,family
429,10025021,0.017241379310344827,28,37475.880000000005,0.4584042823090088,0.42526409431318807,0.4429056194718731,1,3,3,3,9,gold
430,10025022,0.05,192,817845.3,0.6551377619305773,0.6678956878770257,0.7353146079406121,0,4,5,5,14,diamond
431,10025023,0.011363636363636364,38,21694.48,0.37386479685935575,0.46389890081890217,0.393435968649695,1,2,4,3,9,gold
432,10025024,0.1111111111111111,57,7951267.71,0.7862500675698296,0.5151082596990575,0.9663939606607546,0,4,4,5,13,diamond
433,10025025,0.011904761904761904,1009,877988.86,0.3835206328390614,0.8752070251023591,0.7423217465233348,1,2,5,5,12,platinum
434,10025032,0.009615384615384616,116,196584.21,0.338718753261802,0.6046080709275058,0.5972187645932425,1,2,5,5,12,platinum
435,10025033,0.010526315789473684,56,37407.17,0.35785382966866774,0.5128749188295512,0.44273837815075245,1,2,4,3,9,gold
436,10025034,0.041666666666666664,1,1810.23,0.6232995952710287,0.0,0.17723118815748165,3,4,1,1,6,family
437,10025036,0.005025125628140704,16,28091.14,0.19493308068240695,0.35431835694665165,0.4167335795728613,1,1,3,3,7,silver
438,10025037,0.09090909090909091,37,19159.84,0.7545348962856855,0.46052726934559546,0.3822890809913294,0,4,4,3,11,platinum
439,10025038,0.013333333333333334,15,8831.92,0.4068072106280952,0.34612418700105313,0.31360363645052425,3,3,3,2,8,silver
440,10025039,0.25,173,3259962.46,0.906526372288319,0.6548208233769925,0.8741919382650767,0,5,5,5,15,diamond
441,10025049,0.01098901098901099,25,10159.02,0.36687144287678747,0.4109121250815985,0.3259182194665627,1,2,3,2,7,silver
442,10025051,0.010638297872340425,61,37457.84,0.3600766766859064,0.5236643923487448,0.44286173874094503,1,2,4,3,9,gold
443,10025052,0.008928571428571428,13,5419724.38,0.3228881719538712,0.32794626195388693,0.926499039361688,1,2,2,5,9,gold
444,10025061,0.00510204081632653,10,5681.13,0.1984354577475142,0.2945860424082739,0.27507910705466443,2,1,2,2,5,family
445,10025062,0.3333333333333333,43,97981.31,0.9463178525890044,0.47952162258476694,0.5315855858635615,0,5,4,4,13,diamond
446,10025063,0.08333333333333333,216,911822.74,0.7405311066727202,0.6826665346406366,0.7460607553109998,0,4,5,5,14,diamond
447,10025237,0.02631578947368421,37,53896.25,0.539721163217647,0.46052726934559546,0.47617613630677424,1,3,4,4,11,platinum
448,10025238,0.3333333333333333,93,90715.17,0.9463178525890044,0.5768046371330269,0.5243947775880353,0,5,5,4,14,diamond
449,10025239,0.003134796238244514,1,339.94,0.08271298820188694,0.0,0.03923085301329127,2,1,1,1,3,family
450,10025241,0.0625,47,2263484.67,0.6931191239500518,0.49075736033271394,0.837072264202025,0,4,4,5,13,diamond
451,10025242,0.04,10,59760.58,0.6160699057642254,0.2945860424082739,0.48569011216781427,3,4,2,4,10,gold
452,10025243,0.009708737864077669,111,88578.47,0.3407717781109548,0.5990671158131672,0.5221732146584295,1,2,5,4,11,platinum
453,10025246,0.2,21,10333.58,0.8746497341094956,0.38881674311320913,0.3274199398782347,0,5,3,2,10,gold
454,10025247,0.016129032258064516,10,40374.35,0.4451778407224204,0.2945860424082739,0.44970145960138613,1,3,2,3,8,silver
455,10025248,0.041666666666666664,35,28713.63,0.6232995952710287,0.4535002609504273,0.4187168630320647,0,4,4,3,11,platinum
456,10025249,0.010309278350515464,73,130089.09,0.3534687835925702,0.5463065085394625,0.5581605530914482,1,2,4,4,10,gold
457,10025251,0.04,39,91691.37,0.6160699057642254,0.46718253309705454,0.5253928334439115,0,4,4,4,12,platinum
458,10025252,0.25,86,44802.25,0.906526372288319,0.5669524540942619,0.45921626749869326,0,5,4,3,12,platinum
459,10025264,0.012048192771084338,184,220869.28,0.3859972714509343,0.6625563519711837,0.608313175076629,1,3,5,5,13,diamond
460,10025267,0.010526315789473684,34,22960.01,0.35785382966866774,0.44983393920003467,0.3985345724297735,1,2,4,3,9,gold
461,10025269,0.2,167,124657.45,0.8746497341094956,0.6503903884021636,0.5541493945931142,0,5,5,4,14,diamond
462,10025284,0.1111111111111111,15,6745.68,0.7862500675698296,0.34612418700105313,0.2900233876163633,3,4,3,2,9,gold
463,10025285,0.004219409282700422,34,55685.520000000004,0.15415254712410065,0.44983393920003467,0.47918176219263375,1,1,4,4,9,gold
464,10025287,0.25,55,43973.6,0.906526372288319,0.5106011407646901,0.4575074464358929,0,5,4,3,12,platinum
465,10025288,0.03333333333333333,58,191491.68,0.5833209770918464,0.5173025733051064,0.5947234410945078,1,4,4,5,13,diamond
466,10025289,0.008928571428571428,7,13993.400000000001,0.3228881719538712,0.24916665658128767,0.35425491254615743,2,2,2,2,6,family
467,10025291,0.25,86,117396.26,0.906526372288319,0.5669524540942619,0.5485125728859792,0,5,4,4,13,diamond
468,10025296,0.05263157894736842,19,11488.91,0.6639634759589181,0.37612506331196915,0.3367767141304583,3,4,3,2,9,gold
469,10025298,0.025,13,9305.17,0.5300873357978401,0.32794626195388693,0.3181901760299164,3,3,2,2,7,silver
470,10025299,0.0625,38,60282.53,0.6931191239500518,0.46389890081890217,0.4864922944600395,0,4,4,4,12,platinum
471,10025302,0.018518518518518517,4,6343.75,0.47245305883991046,0.17774785815218136,0.28467053911477647,3,3,1,2,6,family
472,10025304,0.25,46,136441.15,0.906526372288319,0.4880411619079113,0.5626494140789231,0,5,4,4,13,diamond
473,10025305,0.08333333333333333,23,7289.21,0.7405311066727202,0.40034768010034083,0.2967877435093552,0,4,3,2,9,gold
474,10025353,0.002288329519450801,1,26789.76,0.004055040853004399,0.0,0.4124451644468107,2,1,1,3,5,family
475,10025495,0.012658227848101266,76,65235.64,0.39617201507679545,0.5513815588814245,0.4937846075895389,1,3,4,4,11,platinum
476,10025508,0.011904761904761904,21,17385.36,0.3835206328390614,0.38881674311320913,0.3735942174590632,1,2,3,3,8,silver
477,10025515,0.08333333333333333,47,87508.81,0.7405311066727202,0.49075736033271394,0.5210413838514486,0,4,4,4,12,platinum
478,10025549,0.003067484662576687,1,238.82,0.07738820626472331,0.0,0.01084958935219793,2,1,1,1,3,family
479,10025552,0.03225806451612903,261,689952.74,0.5773507216224064,0.7063813953108921,0.7185746712816057,1,4,5,5,14,diamond
480,10025560,0.008928571428571428,60,63301.0,0.3228881719538712,0.5215794012095482,0.4910026711461758,1,2,4,4,10,gold
481,10025571,0.007751937984496124,9,4234.29,0.2922873950832233,0.2811773978198188,0.2496563262767448,2,2,2,2,6,family
482,10025575,0.3333333333333333,115,96304.22,0.9463178525890044,0.6035193310885615,0.5299731460213188,0,5,5,4,14,diamond
483,10025583,0.019230769230769232,50,37902.14,0.47982173125313604,0.49857056057801835,0.44393651570065806,1,3,4,3,10,gold
484,10025758,0.04,21,27608.5,0.6160699057642254,0.38881674311320913,0.41516617031600606,0,4,3,3,10,gold
485,10025771,0.25,6,3475.55,0.906526372288319,0.22951288879503925,0.2326851141536451,3,5,2,1,8,silver
486,10025778,0.25,108,112450.03,0.906526372288319,0.5956208487409138,0.5444748535470141,0,5,5,4,14,diamond
487,10025791,0.03125,66,156419.13,0.5715464047966584,0.5335994708246008,0.5755462040977636,1,4,4,5,13,diamond
488,10025814,0.0625,5,6692.360000000001,0.6931191239500518,0.20624865979268214,0.2893314388257915,3,4,2,2,8,silver
489,10025919,0.014492753623188406,2757,3250786.04,0.42372857454114116,0.9999999999999999,0.8739037806311489,1,3,5,5,13,diamond
490,10026006,0.00392156862745098,6,1968.81,0.1368004440918995,0.22951288879503925,0.1843181227939356,2,1,2,1,4,family
491,10026009,0.0035971223021582736,1,224.55,0.11612279058757208,0.0,0.005923182063483301,2,1,1,1,3,family
492,10026023,0.009900990099009901,14,56701.08,0.34493061252369744,0.3373616637600171,0.4808461134100463,1,2,3,4,9,gold
493,10026038,0.022727272727272728,4,1304.58,0.5120196227559333,0.17774785815218136,0.14973219901390955,3,3,1,1,5,family
494,10026055,0.022727272727272728,12,10742.289999999999,0.5120196227559333,0.31777309505070467,0.33084152174834247,3,3,2,2,7,silver
495,10026062,0.011235955056179775,20,45023.06,0.3715108441283499,0.3826303760844402,0.45966642065156277,1,2,3,3,8,silver
496,10026078,0.25,24,21936.64,0.906526372288319,0.40574050839049625,0.3944336306706141,0,5,3,3,11,platinum
497,10026081,0.0022727272727272726,3,96022.26999999999,0.002310268094488477,0.14095891508431174,0.5296993814046304,2,1,1,4,6,family
498,10026268,0.16666666666666666,96,130952.1,0.8479288988123537,0.5808008383253361,0.5587828029530356,0,5,5,4,14,diamond
499,10026291,0.25,37,166512.73,0.906526372288319,0.46052726934559546,0.5814632438751718,0,5,4,5,14,diamond
500,10026294,0.08333333333333333,36,199977.34,0.7405311066727202,0.45706280404745103,0.5988466643615091,0,4,4,5,13,diamond
501,10026299,0.3333333333333333,102,409127.57,0.9463178525890044,0.5884299558470625,0.6675855737327985,0,5,5,5,15,diamond
502,10026334,0.00909090909090909,78,71783.7,0.32675085140142,0.5546542980933791,0.5026379120999832,1,2,4,4,10,gold
503,10026336,0.007518796992481203,44,83726.13,0.28560268873024774,0.48242608957198246,0.5169277879205114,1,1,4,4,9,gold
504,10026348,0.012048192771084338,40,849773.0,0.3859972714509343,0.47038263297677774,0.7390946300366562,1,3,4,5,12,platinum
505,10026355,0.002288329519450801,1,1489.31,0.004055040853004399,0.0,0.1608216525285469,2,1,1,1,3,family
506,10026365,0.002288329519450801,6,64807.67,0.004055040853004399,0.22951288879503925,0.4931761932539589,2,1,2,4,7,silver
507,10026521,0.004273504273504274,9,10296.76,0.1571558333982443,0.2811773978198188,0.3271052491224404,2,1,2,2,5,family
508,10026522,0.1,45,27704.0,0.7696985955511401,0.4852649727062757,0.4154784211555456,0,4,4,3,11,platinum
509,10026532,0.004405286343612335,13,6708.58,0.1642964875878778,0.32794626195388693,0.28954249713732105,2,1,2,2,5,family
510,10026560,0.005128205128205128,4,7596.6,0.19961332734241344,0.17774785815218136,0.3003988240192581,2,1,1,2,4,family
511,10026581,0.3333333333333333,34,28410.43,0.9463178525890044,0.44983393920003467,0.4177561423018541,0,5,4,3,12,platinum
512,10026606,0.25,40,163218.04,0.906526372288319,0.47038263297677774,0.5795711837038862,0,5,4,5,14,diamond
513,10026839,0.011111111111111112,182,373980.56,0.3691798849271981,0.661185064625601,0.6588904468674474,1,2,5,5,12,platinum
514,10026843,0.03225806451612903,4,1710.35,0.5773507216224064,0.17774785815218136,0.17245005118927992,3,4,1,1,6,family
515,10026861,0.022727272727272728,24,13980.880000000001,0.5120196227559333,0.40574050839049625,0.35417537845511204,1,3,3,2,8,silver
516,10026868,0.2,137,246823.56,0.8746497341094956,0.6255227070615363,0.6189264184962102,0,5,5,5,15,diamond
517,10027053,0.013513513513513514,2,822.6400000000001,0.40954332033762125,0.08902158843220692,0.1114129554569091,3,3,1,1,5,family
518,10027082,0.0125,4,2104.89,0.3935868532003367,0.17774785815218136,0.18996938631243945,3,3,1,1,5,family
519,10027119,0.1,111,259666.07,0.7696985955511401,0.5990671158131672,0.6237818701541694,0,4,5,5,14,diamond
520,10027340,0.0035714285714285713,10,7524.5,0.1143961842636913,0.2945860424082739,0.29956477656756875,2,1,2,2,5,family
521,10027348,0.003401360544217687,3,2199.2,0.10260290723627813,0.14095891508431174,0.19368082829486882,2,1,1,1,3,family
522,10027356,0.3333333333333333,21,20709.46,0.9463178525890044,0.38881674311320913,0.3892627763890829,0,5,3,3,11,platinum
523,10027370,0.01818181818181818,216,1363106.13,0.46885773171938705,0.6826665346406366,0.7860457392569786,1,3,5,5,13,diamond
524,10027381,0.1111111111111111,108,70994.97,0.7862500675698296,0.5956208487409138,0.5016141818054781,0,4,5,4,13,diamond
525,10027560,0.011494252873563218,42,48482.74,0.37624223513362387,0.47654847745616846,0.46645183093813203,1,2,4,3,9,gold
526,10027572,0.3333333333333333,45,46290.99,0.9463178525890044,0.4852649727062757,0.46221036486365374,0,5,4,3,12,platinum
527,10027575,0.058823529411764705,5,3548.62,0.6829059361293079,0.20624865979268214,0.23446925813863848,3,4,2,1,7,silver
528,10027583,0.0625,15,42034.67,0.6931191239500518,0.34612418700105313,0.45338317669128503,0,4,3,3,10,gold
