Custkey,RFM_score,RFM_class,Recency,Usage Date Count,Transaction Count,Usage Term,Average Usage Term,Sales Amount,Sales Quantity,Sales Margin Amount,Average Basket Size,Average Sales Amount,New User,Active User,Returning User
10000453,5.0,family,439,1,2,1,1.0,8422.15,68,3687.2,34,4211,0,0,0
10000455,7.0,silver,137,13,14,288,22.0,22403.73,179,15412.46,13,1600,0,0,0
10000456,9.0,gold,107,12,15,274,23.0,104994.68,1041,56136.79,69,7000,0,0,0
10000457,5.0,family,110,3,3,195,65.0,14284.800000000001,288,8646.02,96,4762,0,0,0
10000458,7.0,silver,15,3,3,53,17.0,4994.49,41,3483.1400000000003,14,1665,0,1,0
10000460,13.0,diamond,8,39,49,437,11.0,96533.04,429,48303.71,9,1970,0,1,0
10000461,12.0,platinum,86,39,78,349,9.0,281810.64,5643,119124.51,72,3613,0,1,0
10000462,3.0,family,213,3,3,182,60.0,1648.46,3,811.55,1,549,0,0,0
10000466,11.0,platinum,8,20,24,409,20.0,27663.75,78,12130.47,3,1153,0,1,0
10000469,10.0,gold,93,22,30,342,16.0,81443.15,546,32137.11,18,2715,0,0,0
10000471,11.0,platinum,96,4,8,78,19.0,499743.6,1246,181099.84,156,62468,0,0,0
10000472,13.0,diamond,1,29,33,424,15.0,71371.35,1129,36784.56,34,2163,0,1,0
10000473,7.0,silver,37,7,7,322,46.0,5643.73,12,1841.52,2,806,0,1,0
10000474,6.0,family,39,4,5,254,63.0,2937.96,6,1075.6399999999999,1,588,0,1,0
10000475,9.0,gold,110,13,14,322,25.0,24624.690000000002,80,12523.67,6,1759,0,0,0
10000478,11.0,platinum,94,30,43,350,12.0,70202.79,192,34508.4,4,1633,0,0,0
10000481,8.0,silver,82,23,23,359,16.0,16915.059999999998,25,6312.59,1,735,0,1,0
10000486,3.0,family,442,1,2,1,1.0,1106.29,10,567.45,5,553,0,0,0
10000499,3.0,family,435,1,1,1,1.0,2006.58,20,1409.3,20,2007,0,0,0
10000601,8.0,silver,82,18,18,321,18.0,18972.79,27,9434.72,2,1054,0,1,0
10002114,6.0,family,23,1,1,1,1.0,264.68,2,190.45,2,265,1,1,0
10002136,11.0,platinum,0,18,25,81,4.0,40251.68,117,17713.4,5,1610,0,1,0
10002137,9.0,gold,3,4,4,63,16.0,5393.92,23,2579.4700000000003,6,1348,0,1,0
10002139,7.0,silver,3,1,1,1,1.0,3162.38,6,1041.29,6,3162,1,1,0
10002140,5.0,family,80,1,1,1,1.0,499.57,1,179.41,1,500,0,1,0
10002142,14.0,diamond,3,6,12,78,13.0,278532.51,1030,108666.96,86,23211,0,1,0
10002144,3.0,family,442,1,1,1,1.0,287.25,2,201.89,2,287,0,0,0
10002149,3.0,family,439,1,1,1,1.0,294.72,3,166.68,3,295,0,0,0
10002150,5.0,family,64,1,1,1,1.0,1349.3999999999999,5,753.03,5,1349,0,1,0
10002155,3.0,family,440,2,2,3,1.0,551.5799999999999,5,281.97,2,276,0,0,0
10002161,15.0,diamond,0,25,55,88,3.0,228881.79,1208,109725.68000000001,22,4161,0,1,0
10002220,12.0,platinum,86,66,122,358,5.0,283543.42,1250,140064.85,10,2324,0,1,0
10002240,6.0,family,22,2,2,15,7.0,735.21,17,420.53,8,368,0,1,0
10002489,9.0,gold,81,13,13,361,28.0,26403.37,154,13335.82,12,2031,0,1,0
10002501,12.0,platinum,7,12,14,167,14.0,82840.06,192,39522.75,14,5917,0,1,0
10002506,15.0,diamond,0,124,239,444,4.0,600418.78,3168,288293.28,13,2512,0,1,0
10002520,6.0,family,220,2,4,182,90.0,26752.920000000002,42,8441.0,10,6688,0,0,0
10002526,5.0,family,320,1,1,1,1.0,8422.58,15,4174.01,15,8423,0,0,0
10002709,9.0,gold,32,11,11,375,34.0,39521.75,238,18598.44,22,3593,0,1,0
10002746,8.0,silver,8,4,4,38,9.0,4968.58,8,2606.22,2,1242,0,1,0
10002765,15.0,diamond,2,46,65,437,9.0,179026.75,433,84083.48,7,2754,0,1,0
10002969,4.0,family,440,1,1,1,1.0,4136.69,7,1680.88,7,4137,0,0,0
10003749,9.0,gold,206,3,5,182,60.0,112507.91,375,50293.409999999996,75,22502,0,0,0
10003795,6.0,family,96,10,10,321,32.0,6517.969999999999,362,2768.19,36,652,0,0,0
10003857,11.0,platinum,8,4,4,72,18.0,58140.119999999995,162,26942.17,40,14535,0,1,0
10004207,5.0,family,439,1,1,1,1.0,4247.67,41,2454.07,41,4248,0,0,0
10004245,7.0,silver,218,3,3,224,74.0,111760.13,2275,50362.77,758,37253,0,0,0
10004255,14.0,diamond,1,14,14,387,28.0,84806.45,488,31150.85,35,6058,0,1,0
10004256,8.0,silver,99,18,20,337,19.0,22872.53,209,9723.17,10,1144,0,0,0
10004302,12.0,platinum,81,34,34,364,11.0,53293.909999999996,188,24826.78,6,1567,0,1,0
10004516,9.0,gold,85,8,8,339,42.0,152283.55000000002,910,56903.04,114,19035,0,1,0
10004602,10.0,gold,4,5,5,83,16.0,10773.71,37,5458.35,7,2155,0,1,0
10005006,15.0,diamond,1,54,71,428,8.0,372989.73,2444,184723.47999999998,34,5253,0,1,0
10005043,11.0,platinum,113,11,11,325,29.0,169690.27000000002,483,77931.8,44,15426,0,0,0
10005099,4.0,family,438,1,2,1,1.0,6231.49,290,1039.27,145,3116,0,0,0
10005236,7.0,silver,21,4,4,66,16.0,4249.16,6,2043.82,2,1062,0,1,0
10005376,3.0,family,442,1,1,1,1.0,424.53,1,142.48,1,425,0,0,0
10005810,6.0,family,239,3,3,182,60.0,63547.56,72,29708.25,24,21183,0,0,0
10005861,5.0,family,57,3,3,11,3.0,1084.43,4,700.95,1,361,0,1,0
10005919,3.0,family,435,1,2,1,1.0,1276.13,30,83.42,15,638,0,0,0
10006037,10.0,gold,102,10,14,291,29.0,108107.12,396,44032.32,28,7722,0,0,0
10006093,10.0,gold,11,13,13,404,31.0,22001.57,65,11059.52,5,1692,0,1,0
10006805,7.0,silver,82,3,5,64,21.0,15019.7,105,5853.56,21,3004,0,1,0
10006836,15.0,diamond,1,32,56,406,13.0,186743.07,926,92675.61,17,3335,0,1,0
10006846,7.0,silver,44,2,3,395,197.0,14377.509999999998,22,4925.0,7,4793,0,1,0
10006862,11.0,platinum,88,29,36,357,12.0,88822.59,324,41003.34,9,2467,0,1,0
10006916,6.0,family,18,3,3,63,21.0,1818.33,4,712.16,1,606,0,1,0
10006917,9.0,gold,28,5,6,50,10.0,11276.61,54,5993.37,9,1879,0,1,0
10006983,6.0,family,18,3,3,18,6.0,2307.87,317,828.33,106,769,0,1,0
10007117,7.0,silver,102,7,7,321,46.0,43352.270000000004,76,19428.05,11,6193,0,0,0
10007120,7.0,silver,92,4,4,233,58.0,13193.960000000001,153,7351.21,38,3298,0,0,0
10007121,13.0,diamond,14,50,57,425,8.0,132639.79,877,58612.95,15,2327,0,1,0
10007122,4.0,family,110,3,3,208,69.0,1708.53,3,839.3100000000001,1,570,0,0,0
10007123,14.0,diamond,4,38,46,440,12.0,80518.16,247,38655.5,5,1750,0,1,0
10007134,12.0,platinum,94,82,121,351,4.0,918067.02,4742,415018.06,39,7587,0,0,0
10007183,13.0,diamond,8,7,11,80,11.0,363929.04,776,163027.66,71,33084,0,1,0
10007258,6.0,family,18,2,2,12,6.0,1339.32,3,689.52,2,670,1,1,0
10007309,10.0,gold,93,17,17,339,20.0,193096.0,642,93707.56,38,11359,0,0,0
10007355,7.0,silver,136,8,8,294,37.0,33754.36,102,15981.61,13,4219,0,0,0
10007457,4.0,family,441,1,1,1,1.0,14334.41,305,6082.22,305,14334,0,0,0
10007564,11.0,platinum,30,8,10,411,51.0,92646.46,235,36695.38,24,9265,0,1,0
10007566,7.0,silver,52,11,11,385,35.0,15260.72,28,7111.89,3,1387,0,1,0
10007577,9.0,gold,42,3,6,400,133.0,16928.86,72,5728.55,12,2821,0,1,0
10007591,15.0,diamond,4,19,31,438,23.0,190213.94999999998,3833,59592.72,124,6136,0,1,0
10007866,12.0,platinum,0,9,10,326,36.0,111685.31,386,45483.36,39,11169,0,1,0
10008134,12.0,platinum,31,37,39,414,11.0,114720.47,421,53059.41,11,2942,0,1,0
10008381,5.0,family,66,1,1,1,1.0,1388.09,3,427.62,3,1388,0,1,0
10008593,12.0,platinum,7,11,12,279,25.0,110492.33,733,58765.8,61,9208,0,1,0
10008596,7.0,silver,110,7,7,260,37.0,43103.67,343,15359.56,49,6158,0,0,0
10008602,12.0,platinum,0,5,6,440,88.0,70012.03,246,32537.370000000003,41,11669,0,1,0
10008638,7.0,silver,63,2,2,380,190.0,22415.14,25,10847.72,12,11208,0,1,0
10008893,10.0,gold,11,3,3,25,8.0,35100.5,106,15882.26,35,11700,0,1,0
10009156,5.0,family,36,2,2,22,10.0,1327.9099999999999,4,638.34,2,664,0,1,0
10009356,13.0,diamond,81,44,63,363,8.0,907673.62,6785,456246.8,108,14408,0,1,0
10009606,13.0,diamond,46,23,43,397,17.0,1958206.4300000002,4718,830851.74,110,45540,0,1,0
10009623,3.0,family,305,1,1,1,1.0,824.39,1,378.46,1,824,0,0,0
10009631,9.0,gold,113,28,28,325,12.0,29300.81,136,9313.119999999999,5,1046,0,0,0
10009633,10.0,gold,31,16,18,391,24.0,18669.82,73,9257.7,4,1037,0,1,0
10009639,12.0,platinum,15,11,12,428,39.0,56956.4,228,25137.48,19,4746,0,1,0
10009642,3.0,family,222,2,2,182,90.0,1444.82,2,756.26,1,722,0,0,0
10009643,12.0,platinum,0,13,13,440,34.0,22624.67,191,11469.68,15,1740,0,1,0
10009647,5.0,family,267,5,6,53,10.0,5108.27,14,2395.9900000000002,2,851,0,0,0
10009650,5.0,family,434,3,4,9,3.0,9150.46,18,3992.59,4,2288,0,0,0
10009652,15.0,diamond,0,38,86,445,12.0,672010.64,18458,375628.0,215,7814,0,1,0
10009653,14.0,diamond,2,27,34,434,16.0,258001.79,1453,122753.33,43,7588,0,1,0
10009654,8.0,silver,42,10,10,339,34.0,26159.82,881,1805.3700000000003,88,2616,0,1,0
10009656,4.0,family,281,4,4,36,9.0,2403.1,14,909.53,4,601,0,0,0
10009657,9.0,gold,57,9,9,375,42.0,18961.03,70,10275.33,8,2107,0,1,0
10009660,6.0,family,77,1,1,1,1.0,9304.83,12,2793.44,12,9305,0,1,0
10009662,8.0,silver,16,4,4,424,106.0,6538.200000000001,13,2832.36,3,1635,0,1,0
10009669,11.0,platinum,87,43,56,358,8.0,62856.51,119,37248.46,2,1122,0,1,0
10009672,10.0,gold,10,12,13,386,32.0,48282.01,233,19921.15,18,3714,0,1,0
10009676,8.0,silver,440,1,8,1,1.0,647063.34,3544,242538.31,443,80883,0,0,0
10009679,8.0,silver,94,9,9,310,34.0,17637.41,81,8849.93,9,1960,0,0,0
10009697,3.0,family,306,1,1,1,1.0,767.75,1,487.0,1,768,0,0,0
10009863,8.0,silver,297,4,5,144,36.0,56910.6,551,25673.4,110,11382,0,0,0
10009885,6.0,family,269,5,5,56,11.0,11750.57,52,5876.1,10,2350,0,0,0
10009907,12.0,platinum,7,38,41,438,12.0,131049.18,278,63021.86,7,3196,0,1,0
10009985,12.0,platinum,85,83,113,360,4.0,893484.54,14010,446091.63,124,7907,0,1,0
10010698,4.0,family,136,3,3,182,60.0,3183.39,27,1787.75,9,1061,0,0,0
10010717,10.0,gold,4,4,4,411,102.0,27190.579999999998,121,10501.33,30,6798,0,1,0
10010855,11.0,platinum,7,11,12,73,7.0,26221.12,65,13382.31,5,2185,0,1,0
10010882,8.0,silver,0,2,2,19,9.0,9427.86,24,3726.51,12,4714,1,1,0
10010884,12.0,platinum,86,43,58,358,8.0,233821.12,1365,128626.33,24,4031,0,1,0
10010886,10.0,gold,100,23,31,336,15.0,49669.27,594,15774.8,19,1602,0,0,0
10010887,9.0,gold,86,24,24,350,15.0,33936.86,158,19190.43,7,1414,0,1,0
10010897,6.0,family,113,12,12,326,27.0,11482.66,18,5217.07,2,957,0,0,0
10010906,7.0,silver,434,1,1,1,1.0,20398.64,141,9945.05,141,20399,0,0,0
10010912,12.0,platinum,94,45,55,350,8.0,156770.15,564,67299.61,10,2850,0,0,0
10010914,11.0,platinum,87,30,42,341,11.0,142546.61000000002,754,63559.87,18,3394,0,1,0
10010923,14.0,diamond,0,9,14,293,32.0,349418.23,3117,183386.42,223,24958,0,1,0
10010935,12.0,platinum,32,17,19,412,24.0,366283.55,966,159174.91,51,19278,0,1,0
10010969,7.0,silver,100,6,6,280,46.0,13671.49,51,6191.6900000000005,8,2279,0,0,0
10010970,11.0,platinum,0,9,10,436,48.0,16588.72,81,6626.16,8,1659,0,1,0
10010974,3.0,family,317,1,1,1,1.0,796.23,1,331.13,1,796,0,0,0
10011052,3.0,family,434,1,2,1,1.0,895.6899999999999,26,413.05,13,448,0,0,0
10011089,6.0,family,10,2,2,34,16.0,709.01,3,215.68,2,355,0,1,0
10011093,10.0,gold,28,3,4,53,17.0,38785.68,390,16498.21,98,9696,0,1,0
10011198,6.0,family,67,1,1,1,1.0,3561.35,16,1520.3000000000002,16,3561,0,1,0
10011345,6.0,family,435,1,2,1,1.0,42631.05,155,15544.59,78,21316,0,0,0
10011360,10.0,gold,1,8,10,77,10.0,29858.58,98,11380.02,10,2986,0,1,0
10011398,12.0,platinum,46,29,32,379,13.0,64307.92,168,30304.82,5,2010,0,1,0
10011499,9.0,gold,10,10,14,64,6.0,12744.32,66,5742.13,5,910,0,1,0
10011521,5.0,family,124,3,3,319,106.0,5614.650000000001,14,1404.02,5,1872,0,0,0
10011546,12.0,platinum,0,10,12,79,8.0,46000.95,214,22721.22,18,3833,0,1,0
10011600,7.0,silver,22,2,2,29,14.0,2377.58,38,1673.9,19,1189,0,1,0
10011623,10.0,gold,1,6,7,78,13.0,11325.16,33,5451.37,5,1618,0,1,0
10011724,3.0,family,208,2,2,182,90.0,734.1,30,194.08,15,367,0,0,0
10011732,5.0,family,239,4,4,182,45.0,11637.189999999999,25,8836.22,6,2909,0,0,0
10011734,11.0,platinum,82,26,30,357,14.0,55005.479999999996,271,29051.38,9,1834,0,1,0
10011821,6.0,family,11,2,2,25,12.0,780.9,2,410.81,1,390,0,1,0
10011842,7.0,silver,59,2,2,8,4.0,10963.42,23,5553.92,12,5482,0,1,0
10011870,5.0,family,434,2,2,8,4.0,36892.8,720,18396.15,360,18446,0,0,0
10011979,9.0,gold,142,4,5,280,70.0,128167.25,464,50551.46,93,25633,0,0,0
10011981,9.0,gold,71,16,16,369,23.0,17869.46,147,11162.6,9,1117,0,1,0
10011997,7.0,silver,113,8,8,298,37.0,10290.64,146,7299.29,18,1286,0,0,0
10012128,10.0,gold,14,2,4,31,15.0,50608.189999999995,198,21138.36,50,12652,0,1,0
10012158,7.0,silver,28,1,2,1,1.0,6862.29,18,3265.48,9,3431,1,1,0
10012161,5.0,family,439,1,1,1,1.0,29210.59,128,13058.43,128,29211,0,0,0
10012226,11.0,platinum,81,11,18,362,33.0,49959.24,548,15908.02,30,2776,0,1,0
10012234,6.0,family,127,8,8,262,33.0,8188.259999999999,69,5179.8,9,1024,0,0,0
10012235,11.0,platinum,128,11,15,289,26.0,227912.65,1297,111511.89,86,15194,0,0,0
10012369,5.0,family,53,1,1,1,1.0,322.94,3,233.35,3,323,0,1,0
10012422,13.0,diamond,59,54,87,386,7.0,300187.03,1085,137103.76,12,3450,0,1,0
10012425,5.0,family,276,3,3,166,55.0,22988.44,79,9069.4,26,7663,0,0,0
10012600,7.0,silver,32,2,2,47,23.0,10425.65,28,4792.01,14,5213,0,1,0
10012715,13.0,diamond,81,109,271,342,3.0,1823351.63,9989,782863.5,37,6728,0,1,0
10012761,5.0,family,276,2,2,34,16.0,8183.22,23,4005.1899999999996,12,4092,0,0,0
10013011,8.0,silver,110,5,5,311,62.0,23701.41,316,9363.66,63,4740,0,0,0
10013039,6.0,family,14,1,1,1,1.0,216.2,1,118.32,1,216,1,1,0
10013052,7.0,silver,1,3,3,71,23.0,925.3,8,333.5,3,308,0,1,0
10013061,8.0,silver,57,2,4,3,1.0,14659.460000000001,51,7458.33,13,3665,0,1,0
10013080,5.0,family,434,4,6,8,2.0,6765.75,10,3745.26,2,1128,0,0,0
10013127,5.0,family,71,1,1,1,1.0,2744.07,4,1457.1,4,2744,0,1,0
10013188,13.0,diamond,10,25,29,422,17.0,76669.69,177,40349.3,6,2644,0,1,0
10013232,10.0,gold,11,13,16,420,32.0,16535.350000000002,37,6924.43,2,1033,0,1,0
10013238,12.0,platinum,88,120,237,351,3.0,887544.19,9759,371738.45,41,3745,0,1,0
10013252,10.0,gold,4,8,8,359,45.0,6785.099999999999,117,3075.48,15,848,0,1,0
10013426,13.0,diamond,1,16,44,87,5.0,50173.5,95,29155.69,2,1140,0,1,0
10013472,3.0,family,241,4,4,182,45.0,3298.42,4,1209.41,1,825,0,0,0
10013509,3.0,family,240,3,3,182,60.0,1864.1100000000001,3,514.17,1,621,0,0,0
10013572,4.0,family,435,2,3,4,2.0,3819.02,10,1771.56,3,1273,0,0,0
10013574,3.0,family,442,1,1,1,1.0,824.33,1,277.89,1,824,0,0,0
10013670,8.0,silver,18,4,4,57,14.0,12700.12,29,6308.3,7,3175,0,1,0
10013870,6.0,family,29,3,3,59,19.0,1416.16,3,679.34,1,472,0,1,0
10013871,7.0,silver,50,2,2,29,14.0,6397.71,43,3524.74,22,3199,0,1,0
10013899,9.0,gold,4,6,6,77,13.0,6298.46,11,2784.25,2,1050,0,1,0
10014043,10.0,gold,128,12,14,303,25.0,89197.63,483,38813.3,34,6371,0,0,0
10014047,3.0,family,288,4,4,155,38.0,1281.74,15,733.27,4,320,0,0,0
10014059,7.0,silver,1,1,1,1,1.0,304.62,3,224.34,3,305,1,1,0
10014238,14.0,diamond,24,25,27,420,17.0,298706.59,964,127381.04,36,11063,0,1,0
10014264,8.0,silver,101,15,18,329,22.0,49107.94,374,29104.28,21,2728,0,0,0
10014471,15.0,diamond,0,42,67,417,10.0,360971.39,4679,172770.81,70,5388,0,1,0
10014495,4.0,family,99,4,4,204,51.0,1733.99,4,592.61,1,433,0,0,0
10014533,3.0,family,435,1,1,1,1.0,463.03,1,74.41,1,463,0,0,0
10014540,6.0,family,268,2,2,52,26.0,150000.0,400,44905.520000000004,200,75000,0,0,0
10014546,13.0,diamond,57,62,108,387,6.0,194283.87,979,87447.72,9,1799,0,1,0
10014739,9.0,gold,87,36,37,357,10.0,20805.7,78,7907.19,2,562,0,1,0
10014779,13.0,diamond,0,16,20,361,22.0,67272.95,316,36493.27,16,3364,0,1,0
10014802,9.0,gold,120,14,16,324,23.0,37658.15,128,16625.28,8,2354,0,0,0
10014803,8.0,silver,117,11,11,300,27.0,16605.95,23,8152.35,2,1510,0,0,0
10014804,9.0,gold,82,29,30,358,12.0,32062.1,79,14578.98,3,1069,0,1,0
10014810,12.0,platinum,1,15,22,320,21.0,129748.38,49374,31486.65,2244,5898,0,1,0
10015011,15.0,diamond,1,18,23,415,23.0,300603.08,1598,131165.88,69,13070,0,1,0
10015030,13.0,diamond,0,17,17,414,24.0,65857.94,236,33268.04,14,3874,0,1,0
10015253,7.0,silver,82,5,6,360,72.0,13678.18,46,6028.3,8,2280,0,1,0
10015267,12.0,platinum,122,10,20,318,32.0,200219.9,994,82833.47,50,10011,0,0,0
10015275,11.0,platinum,9,27,33,408,15.0,40939.93,123,18867.96,4,1241,0,1,0
10015325,13.0,diamond,2,21,24,434,21.0,65977.48,272,30902.37,11,2749,0,1,0
10015495,13.0,diamond,81,67,114,363,5.0,775350.4,7028,395016.1,62,6801,0,1,0
10015789,9.0,gold,110,2,2,64,32.0,87188.84,1400,52181.66,700,43594,0,0,0
10015793,11.0,platinum,23,31,35,405,13.0,48642.630000000005,158,22562.94,5,1390,0,1,0
10015824,13.0,diamond,21,41,44,424,10.0,292598.06,960,127724.04,22,6650,0,1,0
10015886,8.0,silver,4,6,6,40,6.0,3219.2000000000003,22,1286.81,4,537,0,1,0
10015956,12.0,platinum,0,7,8,87,12.0,66033.73,926,41284.49,116,8254,0,1,0
10016045,8.0,silver,81,14,15,333,24.0,9498.59,23,4262.87,2,633,0,1,0
10016047,7.0,silver,116,9,9,287,32.0,18987.96,43,10111.83,5,2110,0,0,0
10016113,3.0,family,434,2,2,6,2.0,407.57000000000005,3,224.32999999999998,2,204,0,0,0
10016334,10.0,gold,89,23,33,336,15.0,69940.64,301,31969.52,9,2119,0,1,0
10016542,4.0,family,89,3,3,64,21.0,1281.15,27,584.69,9,427,0,1,0
10016548,13.0,diamond,81,56,79,364,6.0,302113.24,1040,130011.47,13,3824,0,1,0
10016549,15.0,diamond,0,79,123,444,6.0,202055.25,800,89848.1,7,1643,0,1,0
10016564,6.0,family,137,5,5,236,47.0,23180.370000000003,212,16138.03,42,4636,0,0,0
10016588,12.0,platinum,85,86,188,359,4.0,1180754.47,7914,539382.6,42,6281,0,1,0
10016609,3.0,family,304,1,1,1,1.0,1426.57,100,671.52,100,1427,0,0,0
10016780,6.0,family,205,4,6,238,59.0,45424.41,3300,9899.29,550,7571,0,0,0
10016784,10.0,gold,1,5,5,80,16.0,7257.39,31,3940.74,6,1451,0,1,0
10016807,10.0,gold,101,18,19,334,18.0,59218.78,472,31085.74,25,3117,0,0,0
10016858,12.0,platinum,81,47,60,363,8.0,281326.86,1098,115606.28,18,4689,0,1,0
10017036,12.0,platinum,64,28,36,379,14.0,217477.41999999998,1567,98856.75,44,6041,0,1,0
10017072,10.0,gold,7,15,15,396,26.0,29861.45,305,20677.57,20,1991,0,1,0
10017290,11.0,platinum,0,8,8,366,46.0,51331.42,207,28915.41,26,6416,0,1,0
10017307,3.0,family,212,2,2,182,90.0,1192.78,2,501.62,1,596,0,0,0
10017314,8.0,silver,14,5,5,293,58.0,6364.53,43,3839.3900000000003,9,1273,0,1,0
10017553,10.0,gold,36,17,18,408,24.0,57546.93,258,27917.38,14,3197,0,1,0
10017576,13.0,diamond,10,20,29,377,19.0,116900.19,414,54389.07,14,4031,0,1,0
10017585,4.0,family,435,1,1,1,1.0,2299.76,15,796.61,15,2300,0,0,0
10017638,15.0,diamond,0,117,316,445,4.0,874658.31,8252,406403.58,26,2768,0,1,0
10017828,13.0,diamond,81,60,135,362,6.0,2179662.75,71984,397537.12,533,16146,0,1,0
10017852,8.0,silver,63,5,5,353,70.0,17991.93,142,7900.67,28,3598,0,1,0
10018129,8.0,silver,11,3,3,64,21.0,4940.19,12,2681.56,4,1647,0,1,0
10018146,6.0,family,114,3,3,246,82.0,16442.52,39,6190.08,13,5481,0,0,0
10018352,9.0,gold,10,7,8,384,55.0,10373.150000000001,67,4990.91,8,1297,0,1,0
10018363,15.0,diamond,2,29,60,398,14.0,314392.51,3173,143944.32,53,5240,0,1,0
10018371,11.0,platinum,101,23,25,328,14.0,401160.27,1034,158088.48,41,16046,0,0,0
10018518,3.0,family,439,2,2,3,1.0,1588.92,2,642.4,1,794,0,0,0
10018580,5.0,family,240,6,6,182,30.0,7872.57,16,3078.4700000000003,3,1312,0,0,0
10018603,10.0,gold,113,9,12,303,34.0,150358.38,385,64622.729999999996,32,12530,0,0,0
10018623,5.0,family,65,1,1,1,1.0,857.91,1,311.47,1,858,0,1,0
10018628,11.0,platinum,64,29,29,381,13.0,57216.3,159,25419.86,5,1973,0,1,0
10018644,11.0,platinum,89,32,45,356,11.0,89257.79000000001,315,38768.82,7,1984,0,1,0
10018665,14.0,diamond,14,38,46,418,11.0,196192.65,1042,87078.94,23,4265,0,1,0
10018867,6.0,family,95,5,5,191,38.0,3913.49,7,1952.84,1,783,0,0,0
10018868,11.0,platinum,11,7,7,370,53.0,83269.54,203,37997.53,29,11896,0,1,0
10018871,14.0,diamond,21,50,139,423,8.0,889405.04,34974,407618.51,252,6399,0,1,0
10018877,3.0,family,309,1,1,1,1.0,1785.53,2,847.63,2,1786,0,0,0
10018885,11.0,platinum,1,6,9,440,73.0,57841.21,445,29302.16,49,6427,0,1,0
10019066,15.0,diamond,1,53,177,87,2.0,469865.6,2162,210456.82,12,2655,0,1,0
10019105,3.0,family,435,1,1,1,1.0,705.08,1,352.52,1,705,0,0,0
10019109,6.0,family,89,5,5,308,61.0,4372.65,95,1960.9099999999999,19,875,0,1,0
10019150,13.0,diamond,2,18,29,126,7.0,50138.65,258,23181.32,9,1729,0,1,0
10019194,11.0,platinum,434,7,18,9,1.0,181413.96,904,75054.54,50,10079,0,0,0
10019388,9.0,gold,4,11,11,303,27.0,5145.32,22,2186.14,2,468,0,1,0
10019400,7.0,silver,2,1,1,1,1.0,787.31,1,316.54,1,787,1,1,0
10019410,13.0,diamond,7,33,37,437,13.0,188481.34,1577,94675.94,43,5094,0,1,0
10019420,9.0,gold,4,5,5,278,55.0,11176.08,18,5571.43,4,2235,0,1,0
10019469,5.0,family,77,1,1,1,1.0,291.73,1,132.59,1,292,0,1,0
10019617,8.0,silver,18,5,5,34,7.0,8324.8,18,4138.8,4,1665,0,1,0
10019664,4.0,family,243,6,6,198,33.0,2332.7,127,1330.18,21,389,0,0,0
10019665,10.0,gold,81,14,14,315,22.0,28604.66,138,15988.2,10,2043,0,1,0
10019678,9.0,gold,1,6,6,317,53.0,13257.74,87,4942.02,14,2210,0,1,0
10019682,9.0,gold,14,6,6,347,58.0,28137.870000000003,76,11366.17,13,4690,0,1,0
10019812,3.0,family,435,1,1,1,1.0,221.04,1,15.32,1,221,0,0,0
10019880,3.0,family,215,2,2,182,90.0,723.84,20,272.54,10,362,0,0,0
10019897,9.0,gold,95,28,28,348,12.0,40271.03,124,19111.09,4,1438,0,0,0
10019900,12.0,platinum,9,4,6,289,72.0,60242.7,184,26449.0,31,10040,0,1,0
10019909,10.0,gold,18,17,18,424,25.0,17702.72,208,8160.9400000000005,12,983,0,1,0
10019913,7.0,silver,43,5,5,393,78.0,5278.719999999999,28,2475.75,6,1056,0,1,0
10019942,15.0,diamond,2,54,75,443,8.0,304222.37,2809,166971.73,37,4056,0,1,0
10020080,3.0,family,438,1,1,1,1.0,354.88,3,197.43,3,355,0,0,0
10020181,12.0,platinum,110,26,69,321,12.0,1162716.1199999999,3677,475476.71,53,16851,0,0,0
10020184,13.0,diamond,81,149,212,357,2.0,2629591.08,168876,742904.8,797,12404,0,1,0
10020192,14.0,diamond,15,91,112,430,5.0,421493.14999999997,1856,198681.14,17,3763,0,1,0
10020193,10.0,gold,3,9,9,85,9.0,47498.14,178,20080.53,20,5278,0,1,0
10020227,5.0,family,80,1,1,1,1.0,346.16,2,219.13,2,346,0,1,0
10020256,6.0,family,21,4,4,59,14.0,1060.2,10,581.28,2,265,0,1,0
10020266,3.0,family,435,1,4,1,1.0,3434.72,4,1248.96,1,859,0,0,0
10020281,7.0,silver,21,4,5,43,10.0,3455.49,7,1692.06,1,691,0,1,0
10020306,7.0,silver,2,1,1,1,1.0,228.02,4,139.54,4,228,1,1,0
10020364,8.0,silver,17,3,5,42,14.0,12315.31,97,4679.42,19,2463,0,1,0
10020388,6.0,family,29,3,3,28,9.0,1626.37,5,647.8199999999999,2,542,0,1,0
10020390,8.0,silver,3,3,3,43,14.0,8299.23,16,4551.34,5,2766,0,1,0
10020413,3.0,family,278,2,2,41,20.0,2616.31,6,1147.37,3,1308,0,0,0
10020445,11.0,platinum,4,10,14,435,43.0,21562.95,55,10079.76,4,1540,0,1,0
10020446,7.0,silver,82,9,9,281,31.0,20953.26,157,10308.7,17,2328,0,1,0
10020448,3.0,family,256,4,4,182,45.0,3086.3,7,1201.0,2,772,0,0,0
10020449,12.0,platinum,18,17,22,404,24.0,145416.83000000002,438,60039.200000000004,20,6610,0,1,0
10020491,7.0,silver,42,5,5,45,9.0,4551.26,66,2040.94,13,910,0,1,0
10020492,10.0,gold,11,6,8,49,8.0,18711.01,47,9444.06,6,2339,0,1,0
10020515,3.0,family,435,2,2,8,4.0,651.16,4,170.93,2,326,0,0,0
10020639,13.0,diamond,4,21,33,431,20.0,66884.14,288,31085.38,9,2027,0,1,0
10020662,12.0,platinum,14,7,7,402,57.0,120477.69,407,55784.04,58,17211,0,1,1
10020663,15.0,diamond,1,36,60,431,12.0,239265.71,1816,116768.69,30,3988,0,1,0
10020672,12.0,platinum,113,10,20,328,33.0,211599.5,1944,100292.45999999999,97,10580,0,0,0
10020684,4.0,family,441,1,1,1,1.0,8336.11,35,4289.11,35,8336,0,0,0
10020715,7.0,silver,29,1,1,1,1.0,4749.65,20,2751.02,20,4750,1,1,0
10020849,10.0,gold,18,5,5,50,10.0,33985.29,143,15681.06,29,6797,0,1,0
10020868,5.0,family,56,1,1,1,1.0,289.72,2,215.49,2,290,0,1,0
10020907,10.0,gold,102,18,18,299,17.0,140081.18,769,63052.08,43,7782,0,0,0
10020909,9.0,gold,2,3,3,58,19.0,12070.18,114,6706.5,38,4023,0,1,0
10020914,13.0,diamond,81,53,73,354,7.0,210848.63999999998,2295,101756.43000000001,31,2888,0,1,0
10020915,10.0,gold,24,14,16,413,29.0,37463.6,134,16099.85,8,2341,0,1,0
10020927,14.0,diamond,29,49,55,410,8.0,569904.61,3724,301225.96,68,10362,0,1,0
10020931,7.0,silver,85,12,12,345,29.0,12287.78,32,4962.43,3,1024,0,1,0
10020962,13.0,diamond,18,39,44,427,11.0,195493.84,508,44937.67,12,4443,0,1,0
10021107,6.0,family,11,3,3,43,14.0,791.48,3,426.69,1,264,0,1,0
10021111,5.0,family,49,1,1,1,1.0,271.11,1,175.24,1,271,0,1,0
10021139,12.0,platinum,7,24,43,416,17.0,53463.07,165,31738.47,4,1243,0,1,0
10021145,7.0,silver,36,7,7,388,55.0,10130.52,13,3260.99,2,1447,0,1,0
10021158,5.0,family,435,3,3,8,2.0,5584.83,88,1944.69,29,1862,0,0,0
10021160,12.0,platinum,93,39,97,350,9.0,1090389.31,3445,439893.27,36,11241,0,0,0
10021175,9.0,gold,95,18,20,341,19.0,42306.65,301,20211.96,15,2115,0,0,0
10021179,10.0,gold,2,13,13,419,32.0,12553.390000000001,89,6229.9,7,966,0,1,0
10021184,6.0,family,18,4,4,383,96.0,2673.04,4,1165.46,1,668,0,1,0
10021203,14.0,diamond,2,27,67,401,15.0,87016.07,1511,42360.78,23,1299,0,1,0
10021204,10.0,gold,82,19,24,362,19.0,109155.27,9042,22175.670000000002,377,4548,0,1,0
10021222,14.0,diamond,3,19,45,435,23.0,603007.42,19762,121542.81,439,13400,0,1,0
10021223,5.0,family,58,1,1,1,1.0,945.7,10,412.33,10,946,0,1,0
10021231,6.0,family,87,5,5,327,65.0,9865.55,14,3172.55,3,1973,0,1,0
10021270,9.0,gold,4,4,4,34,8.0,9650.49,17,4724.66,4,2413,0,1,0
10021297,13.0,diamond,4,13,18,84,6.0,110788.72,1421,55412.83,79,6155,0,1,0
10021300,6.0,family,440,1,1,1,1.0,98452.17,4752,38431.56,4752,98452,0,0,0
10021305,6.0,family,43,5,6,44,9.0,3852.89,18,1827.25,3,642,0,1,0
10021331,9.0,gold,58,2,2,13,6.0,42064.24,110,19287.53,55,21032,0,1,0
10021380,6.0,family,28,1,1,1,1.0,242.08,1,97.87,1,242,1,1,0
10021411,9.0,gold,1,9,9,376,42.0,10097.18,42,3842.3199999999997,5,1122,0,1,0
10021412,11.0,platinum,28,17,22,416,24.0,140630.48,848,52017.35,39,6392,0,1,0
10021415,3.0,family,435,1,1,1,1.0,967.63,2,399.75,2,968,0,0,0
10021418,7.0,silver,42,2,2,393,196.0,7905.280000000001,24,3400.1900000000005,12,3953,0,1,0
10021422,4.0,family,198,3,3,245,81.0,4152.73,514,1325.0100000000002,171,1384,0,0,0
10021459,12.0,platinum,2,7,8,126,18.0,122325.95,275,50273.61,34,15291,0,1,0
10021470,12.0,platinum,64,54,80,380,7.0,96122.88,561,47591.55,7,1202,0,1,0
10021472,5.0,family,249,7,7,187,27.0,15032.349999999999,74,5421.349999999999,11,2147,0,0,0
10021485,12.0,platinum,87,68,226,358,5.0,10949474.37,55383,5002164.81,245,48449,0,1,0
10021494,10.0,gold,1,13,13,80,6.0,10785.15,25,4931.93,2,830,0,1,0
10021668,12.0,platinum,2,3,5,438,146.0,64435.45,170,28808.59,34,12887,0,1,0
10021736,14.0,diamond,15,21,32,401,19.0,389448.72,1073,170322.21,34,12170,0,1,0
10021804,13.0,diamond,7,4,5,67,16.0,308136.79,1520,145914.80000000002,304,61627,0,1,0
10021911,15.0,diamond,4,74,140,434,6.0,431052.75,1912,187916.83,14,3079,0,1,0
10021936,11.0,platinum,17,21,21,414,20.0,29584.5,164,14055.56,8,1409,0,1,0
10021977,12.0,platinum,86,68,100,358,5.0,476478.72,2352,222940.41,24,4765,0,1,0
10021986,12.0,platinum,89,107,235,356,3.0,173432.79,567,96942.0,2,738,0,1,0
10021996,8.0,silver,82,14,17,329,23.0,18450.45,31,8878.14,2,1085,0,1,0
10022166,8.0,silver,22,6,6,360,60.0,14319.39,34,6328.03,6,2387,0,1,0
10022168,11.0,platinum,81,25,26,364,15.0,52426.1,885,21758.2,34,2016,0,1,0
10022183,3.0,family,439,1,1,1,1.0,208.49,3,140.47,3,208,0,0,0
10022201,9.0,gold,110,5,5,308,61.0,52391.479999999996,167,22986.73,33,10478,0,0,0
10022240,11.0,platinum,93,26,28,352,14.0,85238.04,527,40661.37,19,3044,0,0,0
10022249,6.0,family,82,6,6,308,51.0,8765.98,24,2354.1499999999996,4,1461,0,1,0
10022252,3.0,family,438,1,1,1,1.0,253.43,2,183.79,2,253,0,0,0
10022423,6.0,family,101,10,10,342,34.0,11290.869999999999,36,4407.8,4,1129,0,0,0
10022431,7.0,silver,115,14,15,329,23.0,9572.09,22,4192.42,1,638,0,0,0
10022444,7.0,silver,438,2,2,2,0.0,63708.14,1116,32031.03,558,31854,0,0,0
10022450,13.0,diamond,81,49,74,358,7.0,186724.02,878,83588.26,12,2523,0,1,0
10022456,9.0,gold,96,23,30,345,15.0,49487.41,291,21508.52,10,1650,0,0,0
10022470,6.0,family,235,9,9,182,20.0,35736.98,166,17023.760000000002,18,3971,0,0,0
10022490,11.0,platinum,87,33,48,357,11.0,135214.57,528,62992.96,11,2817,0,1,0
10022678,7.0,silver,127,12,13,290,24.0,12923.1,1055,7333.96,81,994,0,0,0
10022687,15.0,diamond,1,53,77,438,8.0,578847.28,4283,294085.85,56,7517,0,1,0
10022725,10.0,gold,95,32,43,344,11.0,52728.07,243,25268.94,6,1226,0,0,0
10022730,9.0,gold,100,20,49,339,17.0,41044.259999999995,168,21713.91,3,838,0,0,0
10022732,8.0,silver,137,17,19,278,16.0,96556.51999999999,416,33919.99,22,5082,0,0,0
10022746,10.0,gold,92,10,13,218,22.0,69593.93,418,31849.2,32,5353,0,0,0
10022750,11.0,platinum,17,27,35,428,16.0,42912.729999999996,152,21036.43,4,1226,0,1,0
10022755,11.0,platinum,115,6,6,246,41.0,198011.88,969,85983.48,162,33002,0,0,0
10022764,10.0,gold,2,7,7,367,52.0,22568.43,76,9089.94,11,3224,0,1,0
10022962,7.0,silver,253,7,7,183,26.0,38194.1,94,16083.4,13,5456,0,0,0
10022978,9.0,gold,7,6,6,59,10.0,12017.74,41,6055.8,7,2003,0,1,0
10023003,13.0,diamond,81,46,60,357,8.0,181708.2,765,87824.04000000001,13,3028,0,1,0
10023022,8.0,silver,23,5,5,290,58.0,3966.79,5,1453.7199999999998,1,793,0,1,0
10023023,9.0,gold,205,16,17,233,14.0,831080.14,7680,405134.26,452,48887,0,0,0
10023221,12.0,platinum,85,57,101,353,6.0,385550.21,1858,177291.04,18,3817,0,1,0
10023235,5.0,family,226,3,3,182,60.0,5667.08,17,2454.31,6,1889,0,0,0
10023241,12.0,platinum,17,30,37,427,14.0,123428.32,1418,55497.75,38,3336,0,1,0
10023244,3.0,family,439,1,1,1,1.0,1074.75,9,462.12,9,1075,0,0,0
10023275,14.0,diamond,16,12,25,384,32.0,350353.96,1233,150346.48,49,14014,0,1,0
10023447,13.0,diamond,81,48,55,361,8.0,282662.28,1892,133082.81,34,5139,0,1,0
10023471,7.0,silver,131,6,6,278,46.0,16081.91,85,8272.39,14,2680,0,0,0
10023489,14.0,diamond,1,32,36,386,12.0,132617.22,547,64151.87,15,3684,0,1,0
10023495,8.0,silver,243,4,4,182,45.0,132873.3,1045,48257.91,261,33218,0,0,0
10023511,3.0,family,218,2,2,182,90.0,575.42,40,274.06,20,288,0,0,0
10023513,6.0,family,124,11,11,315,29.0,10382.65,108,3912.74,10,944,0,0,0
10023516,8.0,silver,110,9,9,252,28.0,25565.01,39,12145.47,4,2841,0,0,0
10023524,12.0,platinum,82,60,100,359,6.0,395287.05,1632,177594.18,16,3953,0,1,0
10023538,15.0,diamond,4,74,111,433,6.0,660831.57,5390,314691.25,49,5953,0,1,0
10023703,8.0,silver,80,8,8,334,42.0,48710.26,101,21415.04,13,6089,0,1,0
10023715,13.0,diamond,64,62,84,375,6.0,1468530.66,28593,740518.9,340,17483,0,1,0
10023757,7.0,silver,77,3,3,366,122.0,13350.98,76,5563.78,25,4450,0,1,0
10023759,9.0,gold,18,2,2,41,20.0,43242.259999999995,108,20256.73,54,21621,0,1,0
10023760,8.0,silver,14,5,5,61,12.0,4132.91,15,2307.7599999999998,3,827,0,1,0
10023778,11.0,platinum,86,41,44,358,9.0,98296.01,413,46736.45,9,2234,0,1,0
10023780,5.0,family,58,1,2,1,1.0,1296.17,12,467.44,6,648,0,1,0
10023783,8.0,silver,94,17,18,294,17.0,15921.32,38,8163.48,2,885,0,0,0
10023785,3.0,family,438,1,1,1,1.0,227.13,2,122.17,2,227,0,0,0
10023793,8.0,silver,115,11,13,325,29.0,20784.04,275,10305.17,21,1599,0,0,0
10023964,13.0,diamond,4,14,14,432,31.0,62502.61000000001,278,29825.510000000002,20,4464,0,1,0
10024003,4.0,family,218,3,4,222,74.0,2685.93,122,1578.84,30,671,0,0,0
10024006,13.0,diamond,81,49,85,364,7.0,406673.54,2698,178707.95,32,4784,0,1,0
10024009,5.0,family,106,5,5,324,65.0,2320.64,8,888.8700000000001,2,464,0,0,0
10024010,11.0,platinum,9,14,16,427,30.0,42103.51,308,20049.1,19,2631,0,1,0
10024016,12.0,platinum,79,31,33,365,12.0,539083.11,1457,235954.45,44,16336,0,1,0
10024022,14.0,diamond,2,27,29,375,14.0,356076.83,3431,190185.16,118,12279,0,1,0
10024034,13.0,diamond,17,26,33,419,16.0,107723.91,632,51916.79,19,3264,0,1,0
10024246,9.0,gold,11,10,10,400,40.0,29882.4,75,7866.51,8,2988,0,1,0
10024248,12.0,platinum,82,76,138,362,5.0,331225.07,1905,151818.23,14,2400,0,1,0
10024255,5.0,family,52,2,2,15,7.0,3267.24,4,1088.32,2,1634,0,1,0
10024260,12.0,platinum,82,35,51,363,10.0,158941.93,383,76866.0,8,3117,0,1,0
10024262,7.0,silver,96,13,15,340,26.0,13419.08,26,5653.88,2,895,0,0,0
10024270,15.0,diamond,2,27,41,442,16.0,307872.65,905,139057.22,22,7509,0,1,0
10024477,10.0,gold,3,4,4,314,78.0,33771.04,62,15991.720000000001,16,8443,0,1,0
10024499,6.0,family,31,4,4,351,88.0,1559.17,37,982.47,9,390,0,1,0
10024524,5.0,family,43,3,3,117,39.0,3379.58,5,1117.95,2,1127,0,1,0
10024550,11.0,platinum,92,64,97,347,5.0,139393.02,408,58772.659999999996,4,1437,0,0,0
10024704,7.0,silver,21,1,1,1,1.0,2371.63,8,1208.83,8,2372,1,1,0
10024725,10.0,gold,15,14,14,408,29.0,26793.14,991,9353.66,71,1914,0,1,0
10024743,5.0,family,80,1,2,1,1.0,2090.9700000000003,5,1048.85,2,1045,0,1,0
10024915,9.0,gold,2,3,3,45,15.0,15290.76,28,6509.6900000000005,9,5097,0,1,0
10024924,3.0,family,439,1,1,1,1.0,216.33,2,118.87,2,216,0,0,0
10024999,5.0,family,116,3,3,246,82.0,9210.81,18,2847.54,6,3070,0,0,0
10025021,9.0,gold,56,10,11,382,38.0,37475.88,110,17733.16,10,3407,0,1,0
10025022,14.0,diamond,18,21,40,421,20.0,817845.3,3143,303494.26,79,20446,0,1,0
10025023,9.0,gold,86,7,7,336,48.0,21694.48,163,12365.49,23,3099,0,1,0
10025024,13.0,diamond,7,37,57,423,11.0,7951267.71,311502,2836423.38,5465,139496,0,1,0
10025025,12.0,platinum,82,103,223,363,4.0,877988.86,4474,409259.2,20,3937,0,1,0
10025032,12.0,platinum,102,19,23,335,18.0,196584.21,569,89141.44,25,8547,0,0,0
10025033,9.0,gold,93,18,19,351,19.0,37407.17,135,17910.08,7,1969,0,0,0
10025034,6.0,family,22,1,1,1,1.0,1810.23,250,576.93,250,1810,1,1,0
10025036,7.0,silver,197,14,15,247,18.0,28091.14,72,13532.28,5,1873,0,0,0
10025037,11.0,platinum,9,13,19,78,6.0,19159.84,84,9644.22,4,1008,0,1,0
10025038,8.0,silver,73,13,13,352,27.0,8831.92,23,4319.2300000000005,2,679,0,1,0
10025039,15.0,diamond,2,26,69,387,15.0,3259962.46,17841,1571728.41,259,47246,0,1,0
10025049,7.0,silver,89,21,22,349,17.0,10159.02,29,4107.610000000001,1,462,0,1,0
10025051,9.0,gold,92,19,23,343,18.0,37457.84,222,20695.39,10,1629,0,0,0
10025052,9.0,gold,110,13,13,326,25.0,5419724.38,160801,1761731.21,12369,416902,0,0,0
10025061,5.0,family,194,7,7,199,28.0,5681.13,645,2367.88,92,812,0,0,0
10025062,13.0,diamond,1,3,7,58,19.0,97981.31,271,46127.71,39,13997,0,1,0
10025063,14.0,diamond,10,38,64,431,11.0,911822.74,2267,393832.29,35,14247,0,1,0
10025237,11.0,platinum,36,24,32,385,16.0,53896.25,3339,12638.67,104,1684,0,1,0
10025238,14.0,diamond,1,24,31,386,16.0,90715.17,366,42428.83,12,2926,0,1,0
10025239,3.0,family,317,1,1,1,1.0,339.94,1,285.4,1,340,0,0,0
10025241,13.0,diamond,14,27,32,431,16.0,2263484.67,12483,1193874.85,390,70734,0,1,0
10025242,10.0,gold,23,7,9,373,53.0,59760.58,6063,938.9800000000005,674,6640,0,1,0
10025243,11.0,platinum,101,34,37,336,10.0,88578.47,229,43275.4,6,2394,0,0,0
10025246,10.0,gold,3,10,10,296,30.0,10333.58,201,4349.8,20,1033,0,1,0
10025247,8.0,silver,60,8,8,317,40.0,40374.35,101,15677.849999999999,13,5047,0,1,0
10025248,11.0,platinum,22,17,17,379,22.0,28713.63,588,13981.84,35,1689,0,1,0
10025249,10.0,gold,95,18,25,343,19.0,130089.09,1259,45921.54,50,5204,0,0,0
10025251,12.0,platinum,23,29,33,412,14.0,91691.37000000001,310,33353.909999999996,9,2779,0,1,0
10025252,12.0,platinum,2,36,53,429,12.0,44802.25,206,19918.16,4,845,0,1,0
10025264,13.0,diamond,81,48,52,355,7.0,220869.28,988,107094.67,19,4247,0,1,0
10025267,9.0,gold,93,14,17,350,25.0,22960.01,286,15576.14,17,1351,0,0,0
10025269,14.0,diamond,3,41,51,433,11.0,124657.45,624,59344.3,12,2444,0,1,0
10025284,9.0,gold,7,10,11,386,38.0,6745.68,19,2930.98,2,613,0,1,0
10025285,9.0,gold,235,9,9,189,21.0,55685.520000000004,164,28129.71,18,6187,0,0,0
10025287,12.0,platinum,2,9,13,85,9.0,43973.6,156,21196.38,12,3383,0,1,0
10025288,13.0,diamond,28,10,17,374,37.0,191491.68,1579,76595.65000000001,93,11264,0,1,0
10025289,6.0,family,110,4,5,200,50.0,13993.400000000001,37,6526.85,7,2799,0,0,0
10025291,13.0,diamond,2,11,15,409,37.0,117396.26,928,63520.09,62,7826,0,1,0
10025296,9.0,gold,17,8,11,64,8.0,11488.91,62,5733.2699999999995,6,1044,0,1,0
10025298,7.0,silver,38,5,13,43,8.0,9305.17,13,4901.75,1,716,0,1,0
10025299,12.0,platinum,14,15,16,422,28.0,60282.53,211,25083.84,13,3768,0,1,0
10025302,6.0,family,52,3,4,36,12.0,6343.75,10,3134.96,2,1586,0,1,0
10025304,13.0,diamond,2,6,6,371,62.0,136441.15,623,62048.340000000004,104,22740,0,1,0
10025305,9.0,gold,10,16,17,419,26.0,7289.21,49,2522.65,3,429,0,1,0
10025353,5.0,family,435,1,1,1,1.0,26789.76,150,13723.92,150,26790,0,0,0
10025495,11.0,platinum,77,13,20,340,26.0,65235.64,195,31091.37,10,3262,0,1,0
10025508,8.0,silver,82,9,9,347,38.0,17385.36,95,10145.37,11,1932,0,1,0
10025515,12.0,platinum,10,16,18,378,24.0,87508.81,292,44990.42,16,4862,0,1,0
10025549,3.0,family,324,1,1,1,1.0,238.82,2,173.07,2,239,0,0,0
10025552,14.0,diamond,29,87,216,416,5.0,689952.74,4008,364357.33,19,3194,0,1,0
10025560,10.0,gold,110,19,19,322,17.0,63301.0,228,30129.79,12,3332,0,0,0
10025571,6.0,family,127,9,9,318,35.0,4234.29,9,1957.48,1,470,0,0,0
10025575,14.0,diamond,1,18,32,435,24.0,96304.22,420,46369.38,13,3010,0,1,0
10025583,10.0,gold,50,28,38,392,14.0,37902.14,91,16600.45,2,997,0,1,0
10025758,10.0,gold,23,8,8,337,42.0,27608.5,337,12444.73,42,3451,0,1,0
10025771,8.0,silver,2,2,2,41,20.0,3475.55,6,1877.3,3,1738,0,1,0
10025778,14.0,diamond,2,37,39,433,12.0,112450.03,787,52523.99,20,2883,0,1,0
10025791,13.0,diamond,30,22,25,414,19.0,156419.13,2135,95964.07,85,6257,0,1,0
10025814,8.0,silver,14,2,2,16,8.0,6692.360000000001,10,3283.73,5,3346,1,1,0
10025919,13.0,diamond,67,229,739,378,2.0,3250786.04,16165,1428800.09,22,4399,0,1,0
10026006,4.0,family,253,5,5,182,36.0,1968.81,7,841.81,1,394,0,0,0
10026009,3.0,family,276,1,1,1,1.0,224.55,2,117.72,2,225,0,0,0
10026023,9.0,gold,99,10,10,316,32.0,56701.08,282,28779.7,28,5670,0,0,0
10026038,5.0,family,42,4,4,396,99.0,1304.58,26,772.8100000000001,6,326,0,1,0
10026055,7.0,silver,42,5,6,398,79.0,10742.289999999999,107,5341.39,18,1790,0,1,0
10026062,8.0,silver,87,19,20,350,18.0,45023.06,139,16662.03,7,2251,0,1,0
10026078,11.0,platinum,2,18,21,419,23.0,21936.64,38,10792.61,2,1045,0,1,0
10026081,6.0,family,438,1,3,1,1.0,96022.26999999999,3023,50274.55,1008,32007,0,0,0
10026268,14.0,diamond,4,16,23,357,22.0,130952.09999999999,487,61419.7,21,5694,0,1,0
10026291,14.0,diamond,2,14,18,78,6.0,166512.73,1308,85754.06,73,9251,0,1,0
10026294,13.0,diamond,10,17,21,426,25.0,199977.34,572,69507.61,27,9523,0,1,0
10026299,15.0,diamond,1,34,39,443,13.0,409127.57,7688,213570.95,197,10490,0,1,0
10026334,10.0,gold,108,26,31,335,13.0,71783.7,316,32142.350000000002,10,2316,0,0,0
10026336,9.0,gold,131,16,17,294,18.0,83726.13,380,37952.77,22,4925,0,0,0
10026348,12.0,platinum,81,35,40,343,10.0,849773.0,13064,447166.04,327,21244,0,1,0
10026355,3.0,family,435,1,1,1,1.0,1489.31,13,711.86,13,1489,0,0,0
10026365,7.0,silver,435,1,1,1,1.0,64807.67,257,23058.04,257,64808,0,0,0
10026521,5.0,family,232,4,4,182,45.0,10296.76,38,5501.5199999999995,10,2574,0,0,0
10026522,11.0,platinum,8,28,33,403,14.0,27704.0,87,12249.62,3,840,0,1,0
10026532,5.0,family,225,4,6,217,54.0,6708.58,32,2758.29,5,1118,0,0,0
10026560,4.0,family,193,4,4,217,54.0,7596.6,352,2503.76,88,1899,0,0,0
10026581,12.0,platinum,1,18,19,394,22.0,28410.43,62,13824.11,3,1495,0,1,0
10026606,14.0,diamond,2,39,40,441,11.0,163218.04,9468,50476.270000000004,237,4080,0,1,0
10026839,12.0,platinum,88,52,70,357,7.0,373980.56,5339,177080.91999999998,76,5343,0,1,0
10026843,6.0,family,29,3,3,50,16.0,1710.35,11,913.64,4,570,0,1,0
10026861,8.0,silver,42,14,17,402,29.0,13980.880000000001,57,6723.7,3,822,0,1,0
10026868,15.0,diamond,3,19,30,425,22.0,246823.56,1154,111641.31999999999,38,8227,0,1,0
10027053,5.0,family,72,2,2,240,120.0,822.6400000000001,3,389.52,2,411,0,1,0
10027082,5.0,family,78,3,3,211,70.0,2104.89,4,816.03,1,702,0,1,0
10027119,14.0,diamond,8,74,78,431,6.0,259666.06999999998,653,116071.44,8,3329,0,1,0
10027340,5.0,family,278,4,4,165,41.0,7524.5,18,3630.58,4,1881,0,0,0
10027348,3.0,family,292,2,2,15,7.0,2199.2,5,1119.99,2,1100,0,0,0
10027356,11.0,platinum,1,5,7,78,15.0,20709.46,152,10353.45,22,2958,0,1,0
10027370,13.0,diamond,53,23,25,378,16.0,1363106.13,5870,597588.24,235,54524,0,1,0
10027381,13.0,diamond,7,22,37,373,17.0,70994.97,408,33926.91,11,1919,0,1,0
10027560,9.0,gold,85,17,17,319,19.0,48482.74,101,20552.239999999998,6,2852,0,1,0
10027572,12.0,platinum,1,8,13,316,39.0,46290.99,101,22908.61,8,3561,0,1,0
10027575,7.0,silver,15,3,4,64,21.0,3548.62,6,1412.5900000000001,2,887,0,1,0
10027583,10.0,gold,14,6,6,313,52.0,42034.67,63,20853.83,10,7006,0,1,0
